TimeP,ID,Memory,MeasureT,Tank
W2,S8_H_N_7,1013,T1,H2
W2,S8_H_N_8,1014,T1,H2
W2,S8_H_T_7,1015,T1,H2
W2,S8_H_T_8,1016,T1,H2
W2,K8_H_N_8,1018,T1,H2
W2,K8_H_N_7,1019,T1,H2
W2,K8_H_T_7,1020,T1,H2
W2,K8_H_T_8,1021,T1,H2
W2,K10_H_N_7,1023,T1,H2
W2,K10_H_N_8,1024,T1,H2
W2,K10_H_T_7,1025,T1,H2
W2,K10_H_T_8,1027,T1,H2
W2,S10_H_N_8,1029,T1,H2
W2,S10_H_N_7,1030,T1,H2
W2,S10_H_T_8,1031,T1,H2
W2,S10_H_T_7,1032,T1,H2
W2,K12_H_T_8,1034,T1,H2
W2,K12_H_T_7,1035,T1,H2
W2,K12_H_N_8,1036,T1,H2
W2,K12_H_N_7,1038,T1,H2
W2,S12_H_T_8,1040,T1,H2
W2,S12_H_T_7,1041,T1,H2
W2,S12_H_N_8,1042,T1,H2
W2,S12_H_N_7,1043,T1,H2
W2,S8_H_N_7,1143,T2,H2
W2,S8_H_N_8,1144,T2,H2
W2,S8_H_T_7,1146,T2,H2
W2,S8_H_T_8,1147,T2,H2
W2,K8_H_N_8,1149,T2,H2
W2,K8_H_N_7,1150,T2,H2
W2,K8_H_T_7,1152,T2,H2
W2,K8_H_T_8,1153,T2,H2
W2,K10_H_N_7,1155,T2,H2
W2,K10_H_N_8,1156,T2,H2
W2,K10_H_T_7,1157,T2,H2
W2,K10_H_T_8,1158,T2,H2
W2,S10_H_N_8,1160,T2,H2
W2,S10_H_N_7,1161,T2,H2
W2,S10_H_T_8,1162,T2,H2
W2,S10_H_T_7,1163,T2,H2
W2,K12_H_T_8,1165,T2,H2
W2,K12_H_T_7,1166,T2,H2
W2,K12_H_N_8,1167,T2,H2
W2,K12_H_N_7,1168,T2,H2
W2,S12_H_T_8,1170,T2,H2
W2,S12_H_T_7,1171,T2,H2
W2,S12_H_N_8,1172,T2,H2
W2,S12_H_N_7,1173,T2,H2
W2,S8_H_N_7,1273,T3,H2
W2,S8_H_N_8,1274,T3,H2
W2,S8_H_T_7,1275,T3,H2
W2,S8_H_T_8,1276,T3,H2
W2,K8_H_N_8,1278,T3,H2
W2,K8_H_N_7,1279,T3,H2
W2,K8_H_T_7,1280,T3,H2
W2,K8_H_T_8,1281,T3,H2
W2,K10_H_N_7,1283,T3,H2
W2,K10_H_N_8,1284,T3,H2
W2,K10_H_T_7,1285,T3,H2
W2,K10_H_T_8,1286,T3,H2
W2,S10_H_N_8,1288,T3,H2
W2,S10_H_N_7,1289,T3,H2
W2,S10_H_T_8,1290,T3,H2
W2,S10_H_T_7,1291,T3,H2
W2,K12_H_T_8,1293,T3,H2
W2,K12_H_T_7,1294,T3,H2
W2,K12_H_N_8,1295,T3,H2
W2,K12_H_N_7,1296,T3,H2
W2,S12_H_T_8,1298,T3,H2
W2,S12_H_T_7,1299,T3,H2
W2,S12_H_N_8,1300,T3,H2
W2,S12_H_N_7,1301,T3,H2
W2,S8_H_T_6,1046,T1,H1
W2,S8_H_T_5,1047,T1,H1
W2,S8_H_N_6,1084,T1,H1
W2,S8_H_N_5,1049,T1,H1
W2,K8_H_N_5,1051,T1,H1
W2,K8_H_N_6,1052,T1,H1
W2,K8_H_T_6,1053,T1,H1
W2,K8_H_T_5,1054,T1,H1
W2,K10_H_N_5,1056,T1,H1
W2,K10_H_N_6,1057,T1,H1
W2,K10_H_T_5,1058,T1,H1
W2,K10_H_T_6,1059,T1,H1
W2,S10_H_N_6,1061,T1,H1
W2,S10_H_N_5,1062,T1,H1
W2,S10_H_T_5,1063,T1,H1
W2,S10_H_T_6,1064,T1,H1
W2,S12_H_T_5,1066,T1,H1
W2,S12_H_T_6,1068,T1,H1
W2,S12_H_N_6,1069,T1,H1
W2,S12_H_N_5,1070,T1,H1
W2,K12_H_N_5,1072,T1,H1
W2,K12_H_N_6,1073,T1,H1
W2,K12_H_T_5,1074,T1,H1
W2,K12_H_T_6,1075,T1,H1
W2,S8_H_T_6,1176,T2,H1
W2,S8_H_T_5,1177,T2,H1
W2,S8_H_N_6,1178,T2,H1
W2,S8_H_N_5,1179,T2,H1
W2,K8_H_N_5,1181,T2,H1
W2,K8_H_N_6,1182,T2,H1
W2,K8_H_T_6,1183,T2,H1
W2,K8_H_T_5,1184,T2,H1
W2,K10_H_N_5,1186,T2,H1
W2,K10_H_N_6,1187,T2,H1
W2,K10_H_T_5,1188,T2,H1
W2,K10_H_T_6,1189,T2,H1
W2,S10_H_N_6,1191,T2,H1
W2,S10_H_N_5,1192,T2,H1
W2,S10_H_T_5,1193,T2,H1
W2,S10_H_T_6,1194,T2,H1
W2,S12_H_T_5,1196,T2,H1
W2,S12_H_T_6,1197,T2,H1
W2,S12_H_N_6,1198,T2,H1
W2,S12_H_N_5,1199,T2,H1
W2,K12_H_N_5,1201,T2,H1
W2,K12_H_N_6,1202,T2,H1
W2,K12_H_T_5,1203,T2,H1
W2,K12_H_T_6,1204,T2,H1
W2,S8_H_T_6,1304,T3,H1
W2,S8_H_T_5,1305,T3,H1
W2,S8_H_N_6,1308,T3,H1
W2,S8_H_N_5,1309,T3,H1
W2,K8_H_N_5,1311,T3,H1
W2,K8_H_N_6,1312,T3,H1
W2,K8_H_T_6,1313,T3,H1
W2,K8_H_T_5,1315,T3,H1
W2,K10_H_N_5,1317,T3,H1
W2,K10_H_N_6,1318,T3,H1
W2,K10_H_T_5,1319,T3,H1
W2,K10_H_T_6,1320,T3,H1
W2,S10_H_N_6,1322,T3,H1
W2,S10_H_N_5,1323,T3,H1
W2,S10_H_T_5,1324,T3,H1
W2,S10_H_T_6,1325,T3,H1
W2,S12_H_T_5,1327,T3,H1
W2,S12_H_T_6,1328,T3,H1
W2,S12_H_N_6,1329,T3,H1
W2,S12_H_N_5,1330,T3,H1
W2,K12_H_N_5,1332,T3,H1
W2,K12_H_N_6,1333,T3,H1
W2,K12_H_T_5,1334,T3,H1
W2,K12_H_T_6,1335,T3,H1
W2,S8_C_N_6,1078,T1,C1
W2,S8_C_N_5,1079,T1,C1
W2,S8_C_T_6,1080,T1,C1
W2,S8_C_T_5,1081,T1,C1
W2,K8_C_N_5,1083,T1,C1
W2,K8_C_N_6,1084,T1,C1
W2,K8_C_T_5,1085,T1,C1
W2,K8_C_T_6,1086,T1,C1
W2,K10_C_T_6,1088,T1,C1
W2,K10_C_T_5,1089,T1,C1
W2,K10_C_N_6,1090,T1,C1
W2,K10_C_N_5,1091,T1,C1
W2,S10_C_T_6,1093,T1,C1
W2,S10_C_T_5,1094,T1,C1
W2,S10_C_N_5,1095,T1,C1
W2,S10_C_N_6,1096,T1,C1
W2,K12_C_N_6,1098,T1,C1
W2,K12_C_N_5,1099,T1,C1
W2,K12_C_T_6,1100,T1,C1
W2,K12_C_T_5,1101,T1,C1
W2,S12_C_N_6,1103,T1,C1
W2,S12_C_N_5,1104,T1,C1
W2,S12_C_T_6,1105,T1,C1
W2,S12_C_T_5,1107,T1,C1
W2,S8_C_N_6,1207,T2,C1
W2,S8_C_N_5,1208,T2,C1
W2,S8_C_T_6,1209,T2,C1
W2,S8_C_T_5,1210,T2,C1
W2,K8_C_N_5,1212,T2,C1
W2,K8_C_N_6,1213,T2,C1
W2,K8_C_T_5,1214,T2,C1
W2,K8_C_T_6,1215,T2,C1
W2,K10_C_T_6,1217,T2,C1
W2,K10_C_T_5,1218,T2,C1
W2,K10_C_N_6,1219,T2,C1
W2,K10_C_N_5,1220,T2,C1
W2,S10_C_T_6,1222,T2,C1
W2,S10_C_T_5,1223,T2,C1
W2,S10_C_N_5,1224,T2,C1
W2,S10_C_N_6,1225,T2,C1
W2,K12_C_N_6,1227,T2,C1
W2,K12_C_N_5,1228,T2,C1
W2,K12_C_T_6,1229,T2,C1
W2,K12_C_T_5,1230,T2,C1
W2,S12_C_N_6,1231,T2,C1
W2,S12_C_N_5,1232,T2,C1
W2,S12_C_T_6,1233,T2,C1
W2,S12_C_T_5,1234,T2,C1
W2,S8_C_N_6,1338,T3,C1
W2,S8_C_N_5,1338,T3,C1
W2,S8_C_T_6,1340,T3,C1
W2,S8_C_T_5,1341,T3,C1
W2,K8_C_N_5,1343,T3,C1
W2,K8_C_N_6,1344,T3,C1
W2,K8_C_T_5,1345,T3,C1
W2,K8_C_T_6,1346,T3,C1
W2,K10_C_T_6,1348,T3,C1
W2,K10_C_T_5,1349,T3,C1
W2,K10_C_N_6,1350,T3,C1
W2,K10_C_N_5,1351,T3,C1
W2,S10_C_T_6,1353,T3,C1
W2,S10_C_T_5,1354,T3,C1
W2,S10_C_N_5,1355,T3,C1
W2,S10_C_N_6,1356,T3,C1
W2,K12_C_N_6,1358,T3,C1
W2,K12_C_N_5,1359,T3,C1
W2,K12_C_T_6,1360,T3,C1
W2,K12_C_T_5,1361,T3,C1
W2,S12_C_N_6,1363,T3,C1
W2,S12_C_N_5,1364,T3,C1
W2,S12_C_T_6,1365,T3,C1
W2,S12_C_T_5,1366,T3,C1
W2,K8_C_N_7,1110,T1,C2
W2,K8_C_N_8,1111,T1,C2
W2,K8_C_T_7,1112,T1,C2
W2,K8_C_T_8,1113,T1,C2
W2,S8_C_T_7,1115,T1,C2
W2,S8_C_T_8,1116,T1,C2
W2,S8_C_N_7,1117,T1,C2
W2,S8_C_N_8,1118,T1,C2
W2,K10_C_N_7,1120,T1,C2
W2,K10_C_N_8,1121,T1,C2
W2,K10_C_T_7,1122,T1,C2
W2,K10_C_T_8,1123,T1,C2
W2,S10_C_N_7,1125,T1,C2
W2,S10_C_N_8,1126,T1,C2
W2,S10_C_T_8,1127,T1,C2
W2,S10_C_T_7,1128,T1,C2
W2,K12_C_T_7,1130,T1,C2
W2,K12_C_T_8,1131,T1,C2
W2,K12_C_N_7,1133,T1,C2
W2,K12_C_N_8,1134,T1,C2
W2,S12_C_N_8,1136,T1,C2
W2,S12_C_N_7,1137,T1,C2
W2,S12_C_T_7,1138,T1,C2
W2,S12_C_T_8,1139,T1,C2
W2,K8_C_N_7,1237,T2,C2
W2,K8_C_N_8,1238,T2,C2
W2,K8_C_T_7,1239,T2,C2
W2,K8_C_T_8,1240,T2,C2
W2,S8_C_T_7,1242,T2,C2
W2,S8_C_T_8,1243,T2,C2
W2,S8_C_N_7,1244,T2,C2
W2,S8_C_N_8,1245,T2,C2
W2,K10_C_N_7,1247,T2,C2
W2,K10_C_N_8,1248,T2,C2
W2,K10_C_T_7,1249,T2,C2
W2,K10_C_T_8,1250,T2,C2
W2,S10_C_N_7,1253,T2,C2
W2,S10_C_N_8,1254,T2,C2
W2,S10_C_T_8,1255,T2,C2
W2,S10_C_T_7,1256,T2,C2
W2,K12_C_T_7,1258,T2,C2
W2,K12_C_T_8,1259,T2,C2
W2,K12_C_N_7,1260,T2,C2
W2,K12_C_N_8,1262,T2,C2
W2,S12_C_N_8,1264,T2,C2
W2,S12_C_N_7,1265,T2,C2
W2,S12_C_T_7,1266,T2,C2
W2,S12_C_T_8,1268,T2,C2
W2,K8_C_N_7,1368,T3,C2
W2,K8_C_N_8,1369,T3,C2
W2,K8_C_T_7,1370,T3,C2
W2,K8_C_T_8,1371,T3,C2
W2,S8_C_T_7,1373,T3,C2
W2,S8_C_T_8,1374,T3,C2
W2,S8_C_N_7,1375,T3,C2
W2,S8_C_N_8,1376,T3,C2
W2,K10_C_N_7,1378,T3,C2
W2,K10_C_N_8,1379,T3,C2
W2,K10_C_T_7,1380,T3,C2
W2,K10_C_T_8,1381,T3,C2
W2,S10_C_N_7,1383,T3,C2
W2,S10_C_N_8,1384,T3,C2
W2,S10_C_T_8,1385,T3,C2
W2,S10_C_T_7,1386,T3,C2
W2,K12_C_T_7,1388,T3,C2
W2,K12_C_T_8,1389,T3,C2
W2,K12_C_N_7,1390,T3,C2
W2,K12_C_N_8,1391,T3,C2
W2,S12_C_N_8,1393,T3,C2
W2,S12_C_N_7,1394,T3,C2
W2,S12_C_T_7,1395,T3,C2
W2,S12_C_T_8,1396,T3,C2
M1,K8_C_T_10,1464,T1,C1
M1,K8_C_T_9,1465,T1,C1
M1,K8_C_N_10,1466,T1,C1
M1,K8_C_N_9,1467,T1,C1
M1,S8_C_N_9,1469,T1,C1
M1,S8_C_N_10,1470,T1,C1
M1,S8_C_T_9,1471,T1,C1
M1,S8_C_T_10,1472,T1,C1
M1,K10_C_N_9,1474,T1,C1
M1,K10_C_N_10,1475,T1,C1
M1,K10_C_T_9,1476,T1,C1
M1,K10_C_T_10,1477,T1,C1
M1,S10_C_T_9,1479,T1,C1
M1,S10_C_T_10,1480,T1,C1
M1,S10_C_N_10,1481,T1,C1
M1,S10_C_N_9,1482,T1,C1
M1,K12_C_N_10,1484,T1,C1
M1,K12_C_T_10,1485,T1,C1
M1,K12_C_N_9,1486,T1,C1
M1,K12_C_T_9,1487,T1,C1
M1,S12_C_N_9,1489,T1,C1
M1,S12_C_N_10,1490,T1,C1
M1,S12_C_T_9,1491,T1,C1
M1,S12_C_T_10,1492,T1,C1
M1,K8_C_T_10,1590,T2,C1
M1,K8_C_T_9,1591,T2,C1
M1,K8_C_N_10,1592,T2,C1
M1,K8_C_N_9,1593,T2,C1
M1,S8_C_N_9,1595,T2,C1
M1,S8_C_N_10,1596,T2,C1
M1,S8_C_T_9,1597,T2,C1
M1,S8_C_T_10,1598,T2,C1
M1,K10_C_N_9,1600,T2,C1
M1,K10_C_N_10,1601,T2,C1
M1,K10_C_T_9,1602,T2,C1
M1,K10_C_T_10,1603,T2,C1
M1,S10_C_T_9,1605,T2,C1
M1,S10_C_T_10,1606,T2,C1
M1,S10_C_N_10,1607,T2,C1
M1,S10_C_N_9,1608,T2,C1
M1,K12_C_N_10,1610,T2,C1
M1,K12_C_T_10,1611,T2,C1
M1,K12_C_N_9,1612,T2,C1
M1,K12_C_T_9,1614,T2,C1
M1,S12_C_N_9,1615,T2,C1
M1,S12_C_N_10,1617,T2,C1
M1,S12_C_T_9,1618,T2,C1
M1,S12_C_T_10,1619,T2,C1
M1,K8_C_T_10,1718,T3,C1
M1,K8_C_T_9,1719,T3,C1
M1,K8_C_N_10,1720,T3,C1
M1,K8_C_N_9,1721,T3,C1
M1,S8_C_N_9,1723,T3,C1
M1,S8_C_N_10,1724,T3,C1
M1,S8_C_T_9,1725,T3,C1
M1,S8_C_T_10,1726,T3,C1
M1,K10_C_N_9,1728,T3,C1
M1,K10_C_N_10,1729,T3,C1
M1,K10_C_T_9,1730,T3,C1
M1,K10_C_T_10,1731,T3,C1
M1,S10_C_T_9,1733,T3,C1
M1,S10_C_T_10,1734,T3,C1
M1,S10_C_N_10,1735,T3,C1
M1,S10_C_N_9,1737,T3,C1
M1,K12_C_N_10,1739,T3,C1
M1,K12_C_T_10,1740,T3,C1
M1,K12_C_N_9,1741,T3,C1
M1,K12_C_T_9,1742,T3,C1
M1,S12_C_N_9,1744,T3,C1
M1,S12_C_N_10,1745,T3,C1
M1,S12_C_T_9,1746,T3,C1
M1,S12_C_T_10,1747,T3,C1
M1,K8_H_T_9,1432,T1,H1
M1,K8_H_T_10,1433,T1,H1
M1,K8_H_N_9,1434,T1,H1
M1,K8_H_N_10,1435,T1,H1
M1,S8_H_T_9,1437,T1,H1
M1,S8_H_T_10,1438,T1,H1
M1,S8_H_N_10,1439,T1,H1
M1,S8_H_N_9,1440,T1,H1
M1,K10_H_N_9,1442,T1,H1
M1,K10_H_N_10,1443,T1,H1
M1,K10_H_T_9,1444,T1,H1
M1,K10_H_T_10,1445,T1,H1
M1,S10_H_T_9,1447,T1,H1
M1,S10_H_T_10,1448,T1,H1
M1,S10_H_N_9,1449,T1,H1
M1,S10_H_N_10,1450,T1,H1
M1,K12_H_N_9,1452,T1,H1
M1,K12_H_N_10,1453,T1,H1
M1,K12_H_T_9,1454,T1,H1
M1,K12_H_T_10,1455,T1,H1
M1,S12_H_N_9,1457,T1,H1
M1,S12_H_N_10,1458,T1,H1
M1,S12_H_T_9,1459,T1,H1
M1,S12_H_T_10,1460,T1,H1
M1,K8_H_T_9,1559,T2,H1
M1,K8_H_T_10,1560,T2,H1
M1,K8_H_N_9,1561,T2,H1
M1,K8_H_N_10,1562,T2,H1
M1,S8_H_T_9,1564,T2,H1
M1,S8_H_T_10,1565,T2,H1
M1,S8_H_N_10,1566,T2,H1
M1,S8_H_N_9,1567,T2,H1
M1,K10_H_N_9,1569,T2,H1
M1,K10_H_N_10,1570,T2,H1
M1,K10_H_T_9,1571,T2,H1
M1,K10_H_T_10,1572,T2,H1
M1,S10_H_T_9,1574,T2,H1
M1,S10_H_T_10,1575,T2,H1
M1,S10_H_N_9,1576,T2,H1
M1,S10_H_N_10,1577,T2,H1
M1,K12_H_N_9,1579,T2,H1
M1,K12_H_N_10,1580,T2,H1
M1,K12_H_T_9,1581,T2,H1
M1,K12_H_T_10,1582,T2,H1
M1,S12_H_N_9,1584,T2,H1
M1,S12_H_N_10,1585,T2,H1
M1,S12_H_T_9,1586,T2,H1
M1,S12_H_T_10,1587,T2,H1
M1,K8_H_T_9,1685,T3,H1
M1,K8_H_T_10,1686,T3,H1
M1,K8_H_N_9,1687,T3,H1
M1,K8_H_N_10,1688,T3,H1
M1,S8_H_T_9,1690,T3,H1
M1,S8_H_T_10,1691,T3,H1
M1,S8_H_N_10,1692,T3,H1
M1,S8_H_N_9,1693,T3,H1
M1,K10_H_N_9,1695,T3,H1
M1,K10_H_N_10,1696,T3,H1
M1,K10_H_T_9,1698,T3,H1
M1,K10_H_T_10,1699,T3,H1
M1,S10_H_T_9,1701,T3,H1
M1,S10_H_T_10,1702,T3,H1
M1,S10_H_N_9,1703,T3,H1
M1,S10_H_N_10,1704,T3,H1
M1,K12_H_N_9,1706,T3,H1
M1,K12_H_N_10,1707,T3,H1
M1,K12_H_T_9,1708,T3,H1
M1,K12_H_T_10,1709,T3,H1
M1,S12_H_N_9,1711,T3,H1
M1,S12_H_N_10,1712,T3,H1
M1,S12_H_T_9,1714,T3,H1
M1,S12_H_T_10,1715,T3,H1
M1,S8_H_N_11,1400,T1,H2
M1,S8_H_N_12,1401,T1,H2
M1,S8_H_T_11,1402,T1,H2
M1,S8_H_T_12,1403,T1,H2
M1,K8_H_T_11,1405,T1,H2
M1,K8_H_T_12,1406,T1,H2
M1,K8_H_N_11,1407,T1,H2
M1,K8_H_N_12,1408,T1,H2
M1,S10_H_N_12,1410,T1,H2
M1,S10_H_N_11,1411,T1,H2
M1,S10_H_T_11,1412,T1,H2
M1,S10_H_T_12,1413,T1,H2
M1,K10_H_T_12,1415,T1,H2
M1,K10_H_T_11,1416,T1,H2
M1,K10_H_N_12,1417,T1,H2
M1,K10_H_N_11,1418,T1,H2
M1,S12_H_T_12,1420,T1,H2
M1,S12_H_T_11,1421,T1,H2
M1,S12_H_N_12,1422,T1,H2
M1,S12_H_N_11,1423,T1,H2
M1,K12_H_N_12,1425,T1,H2
M1,K12_H_N_11,1427,T1,H2
M1,K12_H_T_11,1428,T1,H2
M1,K12_H_T_12,1429,T1,H2
M1,S8_H_N_11,1527,T2,H2
M1,S8_H_N_12,1528,T2,H2
M1,S8_H_T_11,1529,T2,H2
M1,S8_H_T_12,1530,T2,H2
M1,K8_H_T_11,1532,T2,H2
M1,K8_H_T_12,1533,T2,H2
M1,K8_H_N_11,1534,T2,H2
M1,K8_H_N_12,1535,T2,H2
M1,S10_H_N_12,1537,T2,H2
M1,S10_H_N_11,1538,T2,H2
M1,S10_H_T_11,1539,T2,H2
M1,S10_H_T_12,1540,T2,H2
M1,K10_H_T_12,1542,T2,H2
M1,K10_H_T_11,1543,T2,H2
M1,K10_H_N_12,1544,T2,H2
M1,K10_H_N_11,1545,T2,H2
M1,S12_H_T_12,1547,T2,H2
M1,S12_H_T_11,1548,T2,H2
M1,S12_H_N_12,1549,T2,H2
M1,S12_H_N_11,1550,T2,H2
M1,K12_H_N_12,1552,T2,H2
M1,K12_H_N_11,1553,T2,H2
M1,K12_H_T_11,1554,T2,H2
M1,K12_H_T_12,1555,T2,H2
M1,S8_H_N_11,1654,T3,H2
M1,S8_H_N_12,1655,T3,H2
M1,S8_H_T_11,1656,T3,H2
M1,S8_H_T_12,1657,T3,H2
M1,K8_H_T_11,1659,T3,H2
M1,K8_H_T_12,1660,T3,H2
M1,K8_H_N_11,1661,T3,H2
M1,K8_H_N_12,1662,T3,H2
M1,S10_H_N_12,1664,T3,H2
M1,S10_H_N_11,1665,T3,H2
M1,S10_H_T_11,1666,T3,H2
M1,S10_H_T_12,1667,T3,H2
M1,K10_H_T_12,1669,T3,H2
M1,K10_H_T_11,1670,T3,H2
M1,K10_H_N_12,1671,T3,H2
M1,K10_H_N_11,1672,T3,H2
M1,S12_H_T_12,1679,T3,H2
M1,S12_H_T_11,1680,T3,H2
M1,S12_H_N_12,1681,T3,H2
M1,S12_H_N_11,1682,T3,H2
M1,K12_H_N_12,1674,T3,H2
M1,K12_H_N_11,1675,T3,H2
M1,K12_H_T_11,1676,T3,H2
M1,K12_H_T_12,1677,T3,H2
M1,S8_C_N_11,1495,T1,C2
M1,S8_C_N_12,1496,T1,C2
M1,S8_C_T_11,1497,T1,C2
M1,S8_C_T_12,1498,T1,C2
M1,K8_C_N_11,1500,T1,C2
M1,K8_C_N_12,1501,T1,C2
M1,K8_C_T_11,1502,T1,C2
M1,K8_C_T_12,1503,T1,C2
M1,K10_C_T_12,1505,T1,C2
M1,K10_C_T_11,1506,T1,C2
M1,K10_C_N_12,1507,T1,C2
M1,K10_C_N_11,1508,T1,C2
M1,S10_C_N_11,1510,T1,C2
M1,S10_C_N_12,1511,T1,C2
M1,S10_C_T_12,1512,T1,C2
M1,S10_C_T_11,1513,T1,C2
M1,K12_C_T_11,1515,T1,C2
M1,K12_C_T_12,1516,T1,C2
M1,K12_C_N_11,1517,T1,C2
M1,K12_C_N_12,1518,T1,C2
M1,S12_C_N_11,1520,T1,C2
M1,S12_C_N_12,1521,T1,C2
M1,S12_C_T_11,1522,T1,C2
M1,S12_C_T_12,1523,T1,C2
M1,S8_C_N_11,1622,T2,C2
M1,S8_C_N_12,1623,T2,C2
M1,S8_C_T_11,1624,T2,C2
M1,S8_C_T_12,1625,T2,C2
M1,K8_C_N_11,1627,T2,C2
M1,K8_C_N_12,1628,T2,C2
M1,K8_C_T_11,1629,T2,C2
M1,K8_C_T_12,1630,T2,C2
M1,K10_C_T_12,1632,T2,C2
M1,K10_C_T_11,1633,T2,C2
M1,K10_C_N_12,1634,T2,C2
M1,K10_C_N_11,1635,T2,C2
M1,S10_C_N_11,1637,T2,C2
M1,S10_C_N_12,1638,T2,C2
M1,S10_C_T_12,1639,T2,C2
M1,S10_C_T_11,1640,T2,C2
M1,K12_C_T_11,1642,T2,C2
M1,K12_C_T_12,1643,T2,C2
M1,K12_C_N_11,1644,T2,C2
M1,K12_C_N_12,1645,T2,C2
M1,S12_C_N_11,1647,T2,C2
M1,S12_C_N_12,1648,T2,C2
M1,S12_C_T_11,1649,T2,C2
M1,S12_C_T_12,1650,T2,C2
M1,S8_C_N_11,1750,T3,C2
M1,S8_C_N_12,1751,T3,C2
M1,S8_C_T_11,1752,T3,C2
M1,S8_C_T_12,1753,T3,C2
M1,K8_C_N_11,1755,T3,C2
M1,K8_C_N_12,1756,T3,C2
M1,K8_C_T_11,1757,T3,C2
M1,K8_C_T_12,1758,T3,C2
M1,K10_C_T_12,1760,T3,C2
M1,K10_C_T_11,1761,T3,C2
M1,K10_C_N_12,1762,T3,C2
M1,K10_C_N_11,1763,T3,C2
M1,S10_C_N_11,1765,T3,C2
M1,S10_C_N_12,1766,T3,C2
M1,S10_C_T_12,1767,T3,C2
M1,S10_C_T_11,1768,T3,C2
M1,K12_C_T_11,1770,T3,C2
M1,K12_C_T_12,1771,T3,C2
M1,K12_C_N_11,1772,T3,C2
M1,K12_C_N_12,1773,T3,C2
M1,S12_C_N_11,1775,T3,C2
M1,S12_C_N_12,1776,T3,C2
M1,S12_C_T_11,1777,T3,C2
M1,S12_C_T_12,1778,T3,C2
M4,S8_H_N_15,1799,T1,H2
M4,S8_H_T_15,1800,T1,H2
M4,S8_H_N_16,1801,T1,H2
M4,S8_H_T_16,1802,T1,H2
M4,K8_H_N_15,1805,T1,H2
M4,K8_H_T_15,1806,T1,H2
M4,K8_H_N_16,1807,T1,H2
M4,K8_H_T_16,1808,T1,H2
M4,S10_H_N_15,1810,T1,H2
M4,S10_H_T_15,1811,T1,H2
M4,S10_H_N_16,1812,T1,H2
M4,S10_H_T_16,1813,T1,H2
M4,K10_H_N_15,1815,T1,H2
M4,K10_H_T_15,1816,T1,H2
M4,K10_H_N_16,1817,T1,H2
M4,K10_H_T_16,1818,T1,H2
M4,S12_H_T_16,1820,T1,H2
M4,S12_H_N_16,1821,T1,H2
M4,S12_H_T_15,1822,T1,H2
M4,S12_H_N_15,1824,T1,H2
M4,K12_H_N_15,1826,T1,H2
M4,K12_H_T_15,1827,T1,H2
M4,K12_H_N_16,1828,T1,H2
M4,K12_H_T_16,1829,T1,H2
M4,S8_H_N_13,1832,T1,H1
M4,S8_H_T_13,1833,T1,H1
M4,S8_H_N_14,1834,T1,H1
M4,S8_H_T_14,1835,T1,H1
M4,K8_H_T_14,1837,T1,H1
M4,K8_H_N_14,1838,T1,H1
M4,K8_H_T_13,1839,T1,H1
M4,K8_H_N_13,1840,T1,H1
M4,S10_H_N_13,1842,T1,H1
M4,S10_H_T_13,1843,T1,H1
M4,S10_H_N_14,1844,T1,H1
M4,S10_H_T_14,1845,T1,H1
M4,K10_H_N_13,1847,T1,H1
M4,K10_H_T_13,1848,T1,H1
M4,K10_H_N_14,1849,T1,H1
M4,K10_H_T_14,1850,T1,H1
M4,S12_H_T_14,1852,T1,H1
M4,S12_H_N_14,1853,T1,H1
M4,S12_H_T_13,1854,T1,H1
M4,S12_H_N_13,1855,T1,H1
M4,K12_H_T_14,1857,T1,H1
M4,K12_H_N_14,1858,T1,H1
M4,K12_H_T_13,1859,T1,H1
M4,K12_H_N_13,1860,T1,H1
M4,S8_C_N_13,1863,T1,C1
M4,S8_C_T_13,1864,T1,C1
M4,S8_C_N_14,1865,T1,C1
M4,S8_C_T_14,1866,T1,C1
M4,K8_C_N_13,1868,T1,C1
M4,K8_C_T_13,1869,T1,C1
M4,K8_C_N_14,1870,T1,C1
M4,K8_C_T_14,1871,T1,C1
M4,S10_C_T_14,1873,T1,C1
M4,S10_C_N_14,1874,T1,C1
M4,S10_C_T_13,1875,T1,C1
M4,S10_C_N_13,1876,T1,C1
M4,K10_C_T_14,1878,T1,C1
M4,K10_C_N_14,1879,T1,C1
M4,K10_C_T_13,1880,T1,C1
M4,K10_C_N_13,1881,T1,C1
M4,S12_C_N_13,1883,T1,C1
M4,S12_C_T_13,1884,T1,C1
M4,S12_C_N_14,1885,T1,C1
M4,S12_C_T_14,1886,T1,C1
M4,K12_C_N_13,1888,T1,C1
M4,K12_C_T_13,1889,T1,C1
M4,K12_C_N_14,1890,T1,C1
M4,K12_C_T_14,1891,T1,C1
M4,S8_C_N_15,1894,T1,C2
M4,S8_C_T_15,1895,T1,C2
M4,S8_C_N_16,1896,T1,C2
M4,S8_C_T_16,1897,T1,C2
M4,K8_C_N_15,1899,T1,C2
M4,K8_C_T_15,1901,T1,C2
M4,K8_C_N_16,1902,T1,C2
M4,K8_C_T_16,1903,T1,C2
M4,S10_C_N_15,1905,T1,C2
M4,S10_C_T_15,1906,T1,C2
M4,S10_C_N_16,1907,T1,C2
M4,S10_C_T_16,1908,T1,C2
M4,K10_C_T_16,1910,T1,C2
M4,K10_C_N_16,1911,T1,C2
M4,K10_C_T_15,1912,T1,C2
M4,K10_C_N_15,1913,T1,C2
M4,S12_C_N_15,1915,T1,C2
M4,S12_C_T_15,1916,T1,C2
M4,S12_C_N_16,1917,T1,C2
M4,S12_C_T_16,1918,T1,C2
M4,K12_C_N_15,1920,T1,C2
M4,K12_C_T_15,1921,T1,C2
M4,K12_C_N_16,1922,T1,C2
M4,K12_C_T_16,1923,T1,C2
M4,S8_H_N_15,1927,T2,H2
M4,S8_H_T_15,1928,T2,H2
M4,S8_H_N_16,1929,T2,H2
M4,S8_H_T_16,1930,T2,H2
M4,K8_H_N_15,1932,T2,H2
M4,K8_H_T_15,1933,T2,H2
M4,K8_H_N_16,1934,T2,H2
M4,K8_H_T_16,1935,T2,H2
M4,S10_H_N_15,1937,T2,H2
M4,S10_H_T_15,1938,T2,H2
M4,S10_H_N_16,1939,T2,H2
M4,S10_H_T_16,1940,T2,H2
M4,K10_H_N_15,1942,T2,H2
M4,K10_H_T_15,1943,T2,H2
M4,K10_H_N_16,1944,T2,H2
M4,K10_H_T_16,1945,T2,H2
M4,S12_H_T_16,1947,T2,H2
M4,S12_H_N_16,1948,T2,H2
M4,S12_H_T_15,1949,T2,H2
M4,S12_H_N_15,1950,T2,H2
M4,K12_H_N_15,1952,T2,H2
M4,K12_H_T_15,1953,T2,H2
M4,K12_H_N_16,1954,T2,H2
M4,K12_H_T_16,1955,T2,H2
M4,S8_H_N_13,1958,T2,H1
M4,S8_H_T_13,1959,T2,H1
M4,S8_H_N_14,1960,T2,H1
M4,S8_H_T_14,1961,T2,H1
M4,K8_H_T_14,1963,T2,H1
M4,K8_H_N_14,1964,T2,H1
M4,K8_H_T_13,1965,T2,H1
M4,K8_H_N_13,1966,T2,H1
M4,S10_H_N_13,1968,T2,H1
M4,S10_H_T_13,1969,T2,H1
M4,S10_H_N_14,1971,T2,H1
M4,S10_H_T_14,1972,T2,H1
M4,K10_H_N_13,1974,T2,H1
M4,K10_H_T_13,1975,T2,H1
M4,K10_H_N_14,1976,T2,H1
M4,K10_H_T_14,1977,T2,H1
M4,S12_H_T_14,1979,T2,H1
M4,S12_H_N_14,1980,T2,H1
M4,S12_H_T_13,1981,T2,H1
M4,S12_H_N_13,1982,T2,H1
M4,K12_H_T_14,1984,T2,H1
M4,K12_H_N_14,1985,T2,H1
M4,K12_H_T_13,1986,T2,H1
M4,K12_H_N_13,1987,T2,H1
M4,S8_C_N_13,1991,T2,C1
M4,S8_C_T_13,1992,T2,C1
M4,S8_C_N_14,1993,T2,C1
M4,S8_C_T_14,1994,T2,C1
M4,K8_C_N_13,1996,T2,C1
M4,K8_C_T_13,1997,T2,C1
M4,K8_C_N_14,1998,T2,C1
M4,K8_C_T_14,1999,T2,C1
M4,S10_C_T_14,2001,T2,C1
M4,S10_C_N_14,2002,T2,C1
M4,S10_C_T_13,2003,T2,C1
M4,S10_C_N_13,2004,T2,C1
M4,K10_C_T_14,2006,T2,C1
M4,K10_C_N_14,2007,T2,C1
M4,K10_C_T_13,2008,T2,C1
M4,K10_C_N_13,2009,T2,C1
M4,S12_C_N_13,2011,T2,C1
M4,S12_C_T_13,2012,T2,C1
M4,S12_C_N_14,2013,T2,C1
M4,S12_C_T_14,2014,T2,C1
M4,K12_C_N_13,2016,T2,C1
M4,K12_C_T_13,2017,T2,C1
M4,K12_C_N_14,2019,T2,C1
M4,K12_C_T_14,2020,T2,C1
M4,S8_C_N_15,2023,T2,C2
M4,S8_C_T_15,2024,T2,C2
M4,S8_C_N_16,2025,T2,C2
M4,S8_C_T_16,2026,T2,C2
M4,K8_C_N_15,2028,T2,C2
M4,K8_C_T_15,2029,T2,C2
M4,K8_C_N_16,2030,T2,C2
M4,K8_C_T_16,2031,T2,C2
M4,S10_C_N_15,2033,T2,C2
M4,S10_C_T_15,2034,T2,C2
M4,S10_C_N_16,2035,T2,C2
M4,S10_C_T_16,2036,T2,C2
M4,K10_C_T_16,2038,T2,C2
M4,K10_C_N_16,2039,T2,C2
M4,K10_C_T_15,2040,T2,C2
M4,K10_C_N_15,2041,T2,C2
M4,S12_C_N_15,2043,T2,C2
M4,S12_C_T_15,2044,T2,C2
M4,S12_C_N_16,2045,T2,C2
M4,S12_C_T_16,2046,T2,C2
M4,K12_C_N_15,2048,T2,C2
M4,K12_C_T_15,2049,T2,C2
M4,K12_C_N_16,2050,T2,C2
M4,K12_C_T_16,2051,T2,C2
M4,S8_H_N_15,2055,T3,H2
M4,S8_H_T_15,2056,T3,H2
M4,S8_H_N_16,2057,T3,H2
M4,S8_H_T_16,2058,T3,H2
M4,K8_H_N_15,2060,T3,H2
M4,K8_H_T_15,2061,T3,H2
M4,K8_H_N_16,2062,T3,H2
M4,K8_H_T_16,2063,T3,H2
M4,S10_H_N_15,2066,T3,H2
M4,S10_H_T_15,2067,T3,H2
M4,S10_H_N_16,2068,T3,H2
M4,S10_H_T_16,2069,T3,H2
M4,K10_H_N_15,2071,T3,H2
M4,K10_H_T_15,2072,T3,H2
M4,K10_H_N_16,2073,T3,H2
M4,K10_H_T_16,2074,T3,H2
M4,S12_H_T_16,2076,T3,H2
M4,S12_H_N_16,2077,T3,H2
M4,S12_H_T_15,2078,T3,H2
M4,S12_H_N_15,2079,T3,H2
M4,K12_H_N_15,2081,T3,H2
M4,K12_H_T_15,2082,T3,H2
M4,K12_H_N_16,2083,T3,H2
M4,K12_H_T_16,2084,T3,H2
M4,S8_H_N_13,2087,T3,H1
M4,S8_H_T_13,2088,T3,H1
M4,S8_H_N_14,2089,T3,H1
M4,S8_H_T_14,2090,T3,H1
M4,K8_H_T_14,2092,T3,H1
M4,K8_H_N_14,2093,T3,H1
M4,K8_H_T_13,2094,T3,H1
M4,K8_H_N_13,2095,T3,H1
M4,S10_H_N_13,2097,T3,H1
M4,S10_H_T_13,2098,T3,H1
M4,S10_H_N_14,2099,T3,H1
M4,S10_H_T_14,2100,T3,H1
M4,K10_H_N_13,2102,T3,H1
M4,K10_H_T_13,2103,T3,H1
M4,K10_H_N_14,2104,T3,H1
M4,K10_H_T_14,2105,T3,H1
M4,S12_H_T_14,2107,T3,H1
M4,S12_H_N_14,2108,T3,H1
M4,S12_H_T_13,2109,T3,H1
M4,S12_H_N_13,2110,T3,H1
M4,K12_H_T_14,2112,T3,H1
M4,K12_H_N_14,2113,T3,H1
M4,K12_H_T_13,2114,T3,H1
M4,K12_H_N_13,2115,T3,H1
M4,S8_C_N_13,2118,T3,C1
M4,S8_C_T_13,2119,T3,C1
M4,S8_C_N_14,2120,T3,C1
M4,S8_C_T_14,2121,T3,C1
M4,K8_C_N_13,2123,T3,C1
M4,K8_C_T_13,2124,T3,C1
M4,K8_C_N_14,2125,T3,C1
M4,K8_C_T_14,2126,T3,C1
M4,S10_C_T_14,2128,T3,C1
M4,S10_C_N_14,2130,T3,C1
M4,S10_C_T_13,2131,T3,C1
M4,S10_C_N_13,2132,T3,C1
M4,K10_C_T_14,2134,T3,C1
M4,K10_C_N_14,2135,T3,C1
M4,K10_C_T_13,2136,T3,C1
M4,K10_C_N_13,2137,T3,C1
M4,S12_C_N_13,2139,T3,C1
M4,S12_C_T_13,2140,T3,C1
M4,S12_C_N_14,2141,T3,C1
M4,S12_C_T_14,2142,T3,C1
M4,K12_C_N_13,2144,T3,C1
M4,K12_C_T_13,2145,T3,C1
M4,K12_C_N_14,2146,T3,C1
M4,K12_C_T_14,2147,T3,C1
M4,S8_C_N_15,2150,T3,C2
M4,S8_C_T_15,2151,T3,C2
M4,S8_C_N_16,2152,T3,C2
M4,S8_C_T_16,2153,T3,C2
M4,K8_C_N_15,2155,T3,C2
M4,K8_C_T_15,2156,T3,C2
M4,K8_C_N_16,2157,T3,C2
M4,K8_C_T_16,2158,T3,C2
M4,S10_C_N_15,2160,T3,C2
M4,S10_C_T_15,2161,T3,C2
M4,S10_C_N_16,2162,T3,C2
M4,S10_C_T_16,2163,T3,C2
M4,K10_C_T_16,2165,T3,C2
M4,K10_C_N_16,2166,T3,C2
M4,K10_C_T_15,2167,T3,C2
M4,K10_C_N_15,2168,T3,C2
M4,S12_C_N_15,2170,T3,C2
M4,S12_C_T_15,2171,T3,C2
M4,S12_C_N_16,2172,T3,C2
M4,S12_C_T_16,2173,T3,C2
M4,K12_C_N_15,2175,T3,C2
M4,K12_C_T_15,2176,T3,C2
M4,K12_C_N_16,2177,T3,C2
M4,K12_C_T_16,2178,T3,C2
M8,S8_H_N_17,3815,T1,H1
M8,S8_H_T_17,3816,T1,H1
M8,S8_H_N_18,3818,T1,H1
M8,S8_H_T_18,3822,T1,H1
M8,K8_H_N_17,3833,T1,H1
M8,K8_H_T_17,3834,T1,H1
M8,K8_H_N_18,3835,T1,H1
M8,K8_H_T_18,3836,T1,H1
M8,S10_H_N_17,3838,T1,H1
M8,S10_H_T_17,3839,T1,H1
M8,S10_H_N_18,3840,T1,H1
M8,S10_H_T_18,3841,T1,H1
M8,K10_H_N_17,3843,T1,H1
M8,K10_H_T_17,3844,T1,H1
M8,K10_H_N_18,3845,T1,H1
M8,K10_H_T_18,3846,T1,H1
M8,S12_H_N_17,3848,T1,H1
M8,S12_H_T_17,3849,T1,H1
M8,S12_H_N_18,3850,T1,H1
M8,S12_H_T_18,3851,T1,H1
M8,K12_H_N_17,3853,T1,H1
M8,K12_H_T_17,3855,T1,H1
M8,K12_H_N_18,3856,T1,H1
M8,K12_H_T_18,3857,T1,H1
M8,S8_H_N_19,3860,T1,H2
M8,S8_H_T_19,3861,T1,H2
M8,S8_H_N_20,3862,T1,H2
M8,S8_H_T_20,3863,T1,H2
M8,K8_H_N_19,3865,T1,H2
M8,K8_H_T_19,3866,T1,H2
M8,K8_H_N_20,3867,T1,H2
M8,K8_H_T_20,3868,T1,H2
M8,S10_H_N_19,3870,T1,H2
M8,S10_H_T_19,3871,T1,H2
M8,S10_H_N_20,3874,T1,H2
M8,S10_H_T_20,3873,T1,H2
M8,K10_H_N_19,3876,T1,H2
M8,K10_H_T_19,3877,T1,H2
M8,K10_H_N_20,3878,T1,H2
M8,K10_H_T_20,3879,T1,H2
M8,S12_H_N_19,3881,T1,H2
M8,S12_H_T_19,3882,T1,H2
M8,S12_H_N_20,3883,T1,H2
M8,S12_H_T_20,3884,T1,H2
M8,K12_H_N_19,3886,T1,H2
M8,K12_H_T_19,3887,T1,H2
M8,K12_H_N_20,3888,T1,H2
M8,K12_H_T_20,3889,T1,H2
M8,S8_C_N_17,3892,T1,C1
M8,S8_C_T_17,3893,T1,C1
M8,S8_C_N_18,3894,T1,C1
M8,S8_C_T_18,3895,T1,C1
M8,K8_C_N_17,3897,T1,C1
M8,K8_C_T_17,3898,T1,C1
M8,K8_C_N_18,3899,T1,C1
M8,K8_C_T_18,3900,T1,C1
M8,S10_C_N_17,3902,T1,C1
M8,S10_C_T_17,3903,T1,C1
M8,S10_C_N_18,3904,T1,C1
M8,S10_C_T_18,3905,T1,C1
M8,K10_C_N_17,3907,T1,C1
M8,K10_C_T_17,3908,T1,C1
M8,K10_C_N_18,3909,T1,C1
M8,K10_C_T_18,3910,T1,C1
M8,S12_C_N_17,3912,T1,C1
M8,S12_C_T_17,3913,T1,C1
M8,S12_C_N_18,3914,T1,C1
M8,S12_C_T_18,3915,T1,C1
M8,K12_C_N_17,3917,T1,C1
M8,K12_C_T_17,3918,T1,C1
M8,K12_C_N_18,3919,T1,C1
M8,K12_C_T_18,3920,T1,C1
M8,S8_C_N_19,3923,T1,C2
M8,S8_C_T_19,3924,T1,C2
M8,S8_C_N_20,3925,T1,C2
M8,S8_C_T_20,3926,T1,C2
M8,K8_C_N_19,3928,T1,C2
M8,K8_C_T_19,3929,T1,C2
M8,K8_C_N_20,3930,T1,C2
M8,K8_C_T_20,3931,T1,C2
M8,S10_C_N_19,3933,T1,C2
M8,S10_C_T_19,3934,T1,C2
M8,S10_C_N_20,3935,T1,C2
M8,S10_C_T_20,3936,T1,C2
M8,K10_C_N_19,3938,T1,C2
M8,K10_C_T_19,3939,T1,C2
M8,K10_C_N_20,3940,T1,C2
M8,K10_C_T_20,3941,T1,C2
M8,S12_C_N_19,3943,T1,C2
M8,S12_C_T_19,3944,T1,C2
M8,S12_C_N_20,3945,T1,C2
M8,S12_C_T_20,3946,T1,C2
M8,K12_C_N_19,3948,T1,C2
M8,K12_C_T_19,3949,T1,C2
M8,K12_C_N_20,3950,T1,C2
M8,K12_C_T_20,3951,T1,C2
M8,S8_H_N_17,3955,T2,H1
M8,S8_H_T_17,3956,T2,H1
M8,S8_H_N_18,3957,T2,H1
M8,S8_H_T_18,3958,T2,H1
M8,K8_H_N_17,3960,T2,H1
M8,K8_H_T_17,3961,T2,H1
M8,K8_H_N_18,3962,T2,H1
M8,K8_H_T_18,3963,T2,H1
M8,S10_H_N_17,3965,T2,H1
M8,S10_H_T_17,3966,T2,H1
M8,S10_H_N_18,3967,T2,H1
M8,S10_H_T_18,3968,T2,H1
M8,K10_H_N_17,3970,T2,H1
M8,K10_H_T_17,3971,T2,H1
M8,K10_H_N_18,3972,T2,H1
M8,K10_H_T_18,3973,T2,H1
M8,S12_H_N_17,3975,T2,H1
M8,S12_H_T_17,3976,T2,H1
M8,S12_H_N_18,3977,T2,H1
M8,S12_H_T_18,3978,T2,H1
M8,K12_H_N_17,3980,T2,H1
M8,K12_H_T_17,3981,T2,H1
M8,K12_H_N_18,3982,T2,H1
M8,K12_H_T_18,3983,T2,H1
M8,S8_H_N_19,3986,T2,H2
M8,S8_H_T_19,3987,T2,H2
M8,S8_H_N_20,3988,T2,H2
M8,S8_H_T_20,3989,T2,H2
M8,K8_H_N_19,3992,T2,H2
M8,K8_H_T_19,3993,T2,H2
M8,K8_H_N_20,3994,T2,H2
M8,K8_H_T_20,3995,T2,H2
M8,S10_H_N_19,3997,T2,H2
M8,S10_H_T_19,3998,T2,H2
M8,S10_H_N_20,3999,T2,H2
M8,S10_H_T_20,4000,T2,H2
M8,K10_H_N_19,2,T2,H2
M8,K10_H_T_19,3,T2,H2
M8,K10_H_N_20,4,T2,H2
M8,K10_H_T_20,5,T2,H2
M8,S12_H_N_19,7,T2,H2
M8,S12_H_T_19,8,T2,H2
M8,S12_H_N_20,9,T2,H2
M8,S12_H_T_20,10,T2,H2
M8,K12_H_N_19,12,T2,H2
M8,K12_H_T_19,13,T2,H2
M8,K12_H_N_20,14,T2,H2
M8,K12_H_T_20,15,T2,H2
M8,S8_C_N_17,18,T2,C1
M8,S8_C_T_17,19,T2,C1
M8,S8_C_N_18,20,T2,C1
M8,S8_C_T_18,21,T2,C1
M8,K8_C_N_17,23,T2,C1
M8,K8_C_T_17,24,T2,C1
M8,K8_C_N_18,25,T2,C1
M8,K8_C_T_18,26,T2,C1
M8,S10_C_N_17,28,T2,C1
M8,S10_C_T_17,29,T2,C1
M8,S10_C_N_18,30,T2,C1
M8,S10_C_T_18,31,T2,C1
M8,K10_C_N_17,33,T2,C1
M8,K10_C_T_17,34,T2,C1
M8,K10_C_N_18,35,T2,C1
M8,K10_C_T_18,36,T2,C1
M8,S12_C_N_17,38,T2,C1
M8,S12_C_T_17,39,T2,C1
M8,S12_C_N_18,40,T2,C1
M8,S12_C_T_18,41,T2,C1
M8,K12_C_N_17,43,T2,C1
M8,K12_C_T_17,44,T2,C1
M8,K12_C_N_18,45,T2,C1
M8,K12_C_T_18,46,T2,C1
M8,S8_C_N_19,49,T2,C2
M8,S8_C_T_19,50,T2,C2
M8,S8_C_N_20,51,T2,C2
M8,S8_C_T_20,52,T2,C2
M8,K8_C_N_19,54,T2,C2
M8,K8_C_T_19,55,T2,C2
M8,K8_C_N_20,56,T2,C2
M8,K8_C_T_20,57,T2,C2
M8,S10_C_N_19,59,T2,C2
M8,S10_C_T_19,60,T2,C2
M8,S10_C_N_20,61,T2,C2
M8,S10_C_T_20,62,T2,C2
M8,K10_C_N_19,64,T2,C2
M8,K10_C_T_19,65,T2,C2
M8,K10_C_N_20,66,T2,C2
M8,K10_C_T_20,67,T2,C2
M8,S12_C_N_19,69,T2,C2
M8,S12_C_T_19,70,T2,C2
M8,S12_C_N_20,71,T2,C2
M8,S12_C_T_20,73,T2,C2
M8,K12_C_N_19,75,T2,C2
M8,K12_C_T_19,76,T2,C2
M8,K12_C_N_20,77,T2,C2
M8,K12_C_T_20,78,T2,C2
M8,S8_H_N_17,82,T3,H1
M8,S8_H_T_17,83,T3,H1
M8,S8_H_N_18,84,T3,H1
M8,S8_H_T_18,85,T3,H1
M8,K8_H_N_17,87,T3,H1
M8,K8_H_T_17,88,T3,H1
M8,K8_H_N_18,89,T3,H1
M8,K8_H_T_18,90,T3,H1
M8,S10_H_N_17,92,T3,H1
M8,S10_H_T_17,93,T3,H1
M8,S10_H_N_18,94,T3,H1
M8,S10_H_T_18,95,T3,H1
M8,K10_H_N_17,97,T3,H1
M8,K10_H_T_17,98,T3,H1
M8,K10_H_N_18,99,T3,H1
M8,K10_H_T_18,100,T3,H1
M8,S12_H_N_17,102,T3,H1
M8,S12_H_T_17,103,T3,H1
M8,S12_H_N_18,104,T3,H1
M8,S12_H_T_18,105,T3,H1
M8,K12_H_N_17,107,T3,H1
M8,K12_H_T_17,108,T3,H1
M8,K12_H_N_18,109,T3,H1
M8,K12_H_T_18,110,T3,H1
M8,S8_H_N_19,113,T3,H2
M8,S8_H_T_19,114,T3,H2
M8,S8_H_N_20,115,T3,H2
M8,S8_H_T_20,116,T3,H2
M8,K8_H_N_19,118,T3,H2
M8,K8_H_T_19,119,T3,H2
M8,K8_H_N_20,120,T3,H2
M8,K8_H_T_20,121,T3,H2
M8,S10_H_N_19,123,T3,H2
M8,S10_H_T_19,124,T3,H2
M8,S10_H_N_20,125,T3,H2
M8,S10_H_T_20,126,T3,H2
M8,K10_H_N_19,128,T3,H2
M8,K10_H_T_19,131,T3,H2
M8,K10_H_N_20,130,T3,H2
M8,K10_H_T_20,132,T3,H2
M8,S12_H_N_19,134,T3,H2
M8,S12_H_T_19,136,T3,H2
M8,S12_H_N_20,137,T3,H2
M8,S12_H_T_20,138,T3,H2
M8,K12_H_N_19,140,T3,H2
M8,K12_H_T_19,141,T3,H2
M8,K12_H_N_20,143,T3,H2
M8,K12_H_T_20,144,T3,H2
M8,S8_C_N_17,147,T3,C1
M8,S8_C_T_17,148,T3,C1
M8,S8_C_N_18,149,T3,C1
M8,S8_C_T_18,150,T3,C1
M8,K8_C_N_17,153,T3,C1
M8,K8_C_T_17,154,T3,C1
M8,K8_C_N_18,155,T3,C1
M8,K8_C_T_18,156,T3,C1
M8,S10_C_N_17,158,T3,C1
M8,S10_C_T_17,159,T3,C1
M8,S10_C_N_18,160,T3,C1
M8,S10_C_T_18,161,T3,C1
M8,K10_C_N_17,163,T3,C1
M8,K10_C_T_17,164,T3,C1
M8,K10_C_N_18,165,T3,C1
M8,K10_C_T_18,166,T3,C1
M8,S12_C_N_17,168,T3,C1
M8,S12_C_T_17,169,T3,C1
M8,S12_C_N_18,170,T3,C1
M8,S12_C_T_18,171,T3,C1
M8,K12_C_N_17,173,T3,C1
M8,K12_C_T_17,174,T3,C1
M8,K12_C_N_18,175,T3,C1
M8,K12_C_T_18,176,T3,C1
M8,S8_C_N_19,179,T3,C2
M8,S8_C_T_19,180,T3,C2
M8,S8_C_N_20,181,T3,C2
M8,S8_C_T_20,182,T3,C2
M8,K8_C_N_19,184,T3,C2
M8,K8_C_T_19,185,T3,C2
M8,K8_C_N_20,186,T3,C2
M8,K8_C_T_20,187,T3,C2
M8,S10_C_N_19,189,T3,C2
M8,S10_C_T_19,190,T3,C2
M8,S10_C_N_20,191,T3,C2
M8,S10_C_T_20,192,T3,C2
M8,K10_C_N_19,194,T3,C2
M8,K10_C_T_19,195,T3,C2
M8,K10_C_N_20,196,T3,C2
M8,K10_C_T_20,197,T3,C2
M8,S12_C_N_19,199,T3,C2
M8,S12_C_T_19,200,T3,C2
M8,S12_C_N_20,201,T3,C2
M8,S12_C_T_20,202,T3,C2
M8,K12_C_N_19,204,T3,C2
M8,K12_C_T_19,205,T3,C2
M8,K12_C_N_20,206,T3,C2
M8,K12_C_T_20,207,T3,C2
M12,S8_H_N_21,11352,T1,H1
M12,S8_H_T_21,11353,T1,H1
M12,S8_H_N_22,11354,T1,H1
M12,S8_H_T_22,11355,T1,H1
M12,K8_H_N_21,11357,T1,H1
M12,K8_H_T_21,11358,T1,H1
M12,K8_H_N_22,11359,T1,H1
M12,K8_H_T_22,11360,T1,H1
M12,S10_H_T_22,11362,T1,H1
M12,S10_H_N_22,11363,T1,H1
M12,S10_H_T_21,11364,T1,H1
M12,S10_H_N_21,11365,T1,H1
M12,K10_H_T_22,11367,T1,H1
M12,K10_H_N_22,11368,T1,H1
M12,K10_H_T_21,11369,T1,H1
M12,K10_H_N_21,11370,T1,H1
M12,S12_H_N_21,11372,T1,H1
M12,S12_H_T_21,11373,T1,H1
M12,S12_H_N_22,11374,T1,H1
M12,S12_H_T_22,11375,T1,H1
M12,K12_H_N_21,11377,T1,H1
M12,K12_H_T_21,11378,T1,H1
M12,K12_H_N_22,11380,T1,H1
M12,K12_H_T_22,11382,T1,H1
M12,S8_H_T_24,11385,T1,H2
M12,S8_H_N_24,11386,T1,H2
M12,S8_H_T_23,11387,T1,H2
M12,S8_H_N_23,11388,T1,H2
M12,K8_H_N_23,11390,T1,H2
M12,K8_H_T_23,11391,T1,H2
M12,K8_H_N_24,11392,T1,H2
M12,K8_H_T_24,11393,T1,H2
M12,S10_H_N_23,11395,T1,H2
M12,S10_H_T_23,11396,T1,H2
M12,S10_H_N_24,11397,T1,H2
M12,S10_H_T_24,11398,T1,H2
M12,K10_H_T_24,11400,T1,H2
M12,K10_H_N_24,11401,T1,H2
M12,K10_H_T_23,11402,T1,H2
M12,K10_H_N_23,11403,T1,H2
M12,S12_H_N_23,11407,T1,H2
M12,S12_H_T_23,11408,T1,H2
M12,S12_H_N_24,11409,T1,H2
M12,S12_H_T_24,11410,T1,H2
M12,K12_H_N_23,11412,T1,H2
M12,K12_H_T_23,11413,T1,H2
M12,K12_H_N_24,11414,T1,H2
M12,K12_H_T_24,11415,T1,H2
M12,S8_C_T_22,11418,T1,C1
M12,S8_C_N_22,11419,T1,C1
M12,S8_C_T_21,11420,T1,C1
M12,S8_C_N_21,11421,T1,C1
M12,K8_C_T_22,11423,T1,C1
M12,K8_C_N_22,11424,T1,C1
M12,K8_C_T_21,11425,T1,C1
M12,K8_C_N_21,11426,T1,C1
M12,S10_C_T_22,11428,T1,C1
M12,S10_C_N_22,11429,T1,C1
M12,S10_C_T_21,11430,T1,C1
M12,S10_C_N_21,11431,T1,C1
M12,K10_C_N_21,11433,T1,C1
M12,K10_C_T_21,11434,T1,C1
M12,K10_C_N_22,11435,T1,C1
M12,K10_C_T_22,11436,T1,C1
M12,S12_C_T_22,11438,T1,C1
M12,S12_C_N_22,11439,T1,C1
M12,S12_C_T_21,11440,T1,C1
M12,S12_C_N_21,11441,T1,C1
M12,K12_C_T_22,11443,T1,C1
M12,K12_C_N_22,11444,T1,C1
M12,K12_C_T_21,11445,T1,C1
M12,K12_C_N_21,11446,T1,C1
M12,S8_C_T_24,11449,T1,C2
M12,S8_C_N_24,11450,T1,C2
M12,S8_C_T_23,11451,T1,C2
M12,S8_C_N_23,11452,T1,C2
M12,K8_C_N_23,11454,T1,C2
M12,K8_C_T_23,11455,T1,C2
M12,K8_C_N_24,11456,T1,C2
M12,K8_C_T_24,11457,T1,C2
M12,S10_C_N_23,11459,T1,C2
M12,S10_C_T_23,11460,T1,C2
M12,S10_C_N_24,11461,T1,C2
M12,S10_C_T_24,11462,T1,C2
M12,K10_C_N_23,11464,T1,C2
M12,K10_C_T_23,11465,T1,C2
M12,K10_C_N_24,11466,T1,C2
M12,K10_C_T_24,11467,T1,C2
M12,S12_C_T_24,11469,T1,C2
M12,S12_C_N_24,11470,T1,C2
M12,S12_C_T_23,11471,T1,C2
M12,S12_C_N_23,11472,T1,C2
M12,K12_C_T_24,11474,T1,C2
M12,K12_C_N_24,11475,T1,C2
M12,K12_C_T_23,11476,T1,C2
M12,K12_C_N_23,11477,T1,C2
M12,S8_H_N_21,11481,T2,H1
M12,S8_H_T_21,11482,T2,H1
M12,S8_H_N_22,11483,T2,H1
M12,S8_H_T_22,11484,T2,H1
M12,K8_H_N_21,11486,T2,H1
M12,K8_H_T_21,11487,T2,H1
M12,K8_H_N_22,11488,T2,H1
M12,K8_H_T_22,11490,T2,H1
M12,S10_H_T_22,11492,T2,H1
M12,S10_H_N_22,11493,T2,H1
M12,S10_H_T_21,11494,T2,H1
M12,S10_H_N_21,11495,T2,H1
M12,K10_H_T_22,11497,T2,H1
M12,K10_H_N_22,11498,T2,H1
M12,K10_H_T_21,11499,T2,H1
M12,K10_H_N_21,11500,T2,H1
M12,S12_H_N_21,11502,T2,H1
M12,S12_H_T_21,11503,T2,H1
M12,S12_H_N_22,11504,T2,H1
M12,S12_H_T_22,11505,T2,H1
M12,K12_H_N_21,11507,T2,H1
M12,K12_H_T_21,11508,T2,H1
M12,K12_H_N_22,11509,T2,H1
M12,K12_H_T_22,11510,T2,H1
M12,S8_H_T_24,11513,T2,H2
M12,S8_H_N_24,11514,T2,H2
M12,S8_H_T_23,11515,T2,H2
M12,S8_H_N_23,11516,T2,H2
M12,K8_H_N_23,11521,T2,H2
M12,K8_H_T_23,11522,T2,H2
M12,K8_H_N_24,11523,T2,H2
M12,K8_H_T_24,11524,T2,H2
M12,S10_H_N_23,11526,T2,H2
M12,S10_H_T_23,11527,T2,H2
M12,S10_H_N_24,11528,T2,H2
M12,S10_H_T_24,11529,T2,H2
M12,K10_H_T_24,11531,T2,H2
M12,K10_H_N_24,11532,T2,H2
M12,K10_H_T_23,11533,T2,H2
M12,K10_H_N_23,11534,T2,H2
M12,S12_H_N_23,11537,T2,H2
M12,S12_H_T_23,11538,T2,H2
M12,S12_H_N_24,11539,T2,H2
M12,S12_H_T_24,11540,T2,H2
M12,K12_H_N_23,11542,T2,H2
M12,K12_H_T_23,11543,T2,H2
M12,K12_H_N_24,11544,T2,H2
M12,K12_H_T_24,11545,T2,H2
M12,S8_C_T_22,11548,T2,C1
M12,S8_C_N_22,11549,T2,C1
M12,S8_C_T_21,11550,T2,C1
M12,S8_C_N_21,11551,T2,C1
M12,K8_C_T_22,11553,T2,C1
M12,K8_C_N_22,11554,T2,C1
M12,K8_C_T_21,11555,T2,C1
M12,K8_C_N_21,11556,T2,C1
M12,S10_C_T_22,11558,T2,C1
M12,S10_C_N_22,11559,T2,C1
M12,S10_C_T_21,11560,T2,C1
M12,S10_C_N_21,11561,T2,C1
M12,K10_C_N_21,11563,T2,C1
M12,K10_C_T_21,11564,T2,C1
M12,K10_C_N_22,11565,T2,C1
M12,K10_C_T_22,11566,T2,C1
M12,S12_C_T_22,11568,T2,C1
M12,S12_C_N_22,11569,T2,C1
M12,S12_C_T_21,11570,T2,C1
M12,S12_C_N_21,11571,T2,C1
M12,K12_C_T_22,11573,T2,C1
M12,K12_C_N_22,11574,T2,C1
M12,K12_C_T_21,11575,T2,C1
M12,K12_C_N_21,11576,T2,C1
M12,S8_C_T_24,11579,T2,C2
M12,S8_C_N_24,11580,T2,C2
M12,S8_C_T_23,11581,T2,C2
M12,S8_C_N_23,11582,T2,C2
M12,K8_C_N_23,11584,T2,C2
M12,K8_C_T_23,11585,T2,C2
M12,K8_C_N_24,11586,T2,C2
M12,K8_C_T_24,11587,T2,C2
M12,S10_C_N_23,11589,T2,C2
M12,S10_C_T_23,11590,T2,C2
M12,S10_C_N_24,11591,T2,C2
M12,S10_C_T_24,11592,T2,C2
M12,K10_C_N_23,11594,T2,C2
M12,K10_C_T_23,11595,T2,C2
M12,K10_C_N_24,11596,T2,C2
M12,K10_C_T_24,11597,T2,C2
M12,S12_C_T_24,11599,T2,C2
M12,S12_C_N_24,11600,T2,C2
M12,S12_C_T_23,11601,T2,C2
M12,S12_C_N_23,11602,T2,C2
M12,K12_C_T_24,11604,T2,C2
M12,K12_C_N_24,11605,T2,C2
M12,K12_C_T_23,11606,T2,C2
M12,K12_C_N_23,11607,T2,C2
M12,S8_H_N_21,11611,T3,H1
M12,S8_H_T_21,11612,T3,H1
M12,S8_H_N_22,11613,T3,H1
M12,S8_H_T_22,11614,T3,H1
M12,K8_H_N_21,11616,T3,H1
M12,K8_H_T_21,11617,T3,H1
M12,K8_H_N_22,11618,T3,H1
M12,K8_H_T_22,11619,T3,H1
M12,S10_H_T_22,11621,T3,H1
M12,S10_H_N_22,11622,T3,H1
M12,S10_H_T_21,11623,T3,H1
M12,S10_H_N_21,11624,T3,H1
M12,K10_H_T_22,11626,T3,H1
M12,K10_H_N_22,11627,T3,H1
M12,K10_H_T_21,11628,T3,H1
M12,K10_H_N_21,11629,T3,H1
M12,S12_H_N_21,11631,T3,H1
M12,S12_H_T_21,11632,T3,H1
M12,S12_H_N_22,11633,T3,H1
M12,S12_H_T_22,11634,T3,H1
M12,K12_H_N_21,11636,T3,H1
M12,K12_H_T_21,11637,T3,H1
M12,K12_H_N_22,11638,T3,H1
M12,K12_H_T_22,11639,T3,H1
M12,S8_H_T_24,11642,T3,H2
M12,S8_H_N_24,11643,T3,H2
M12,S8_H_T_23,11644,T3,H2
M12,S8_H_N_23,11645,T3,H2
M12,K8_H_N_23,11647,T3,H2
M12,K8_H_T_23,11648,T3,H2
M12,K8_H_N_24,11649,T3,H2
M12,K8_H_T_24,11650,T3,H2
M12,S10_H_N_23,11652,T3,H2
M12,S10_H_T_23,11653,T3,H2
M12,S10_H_N_24,11654,T3,H2
M12,S10_H_T_24,11655,T3,H2
M12,K10_H_T_24,11657,T3,H2
M12,K10_H_N_24,11658,T3,H2
M12,K10_H_T_23,11659,T3,H2
M12,K10_H_N_23,11660,T3,H2
M12,S12_H_N_23,11663,T3,H2
M12,S12_H_T_23,11664,T3,H2
M12,S12_H_N_24,11665,T3,H2
M12,S12_H_T_24,11666,T3,H2
M12,K12_H_N_23,11668,T3,H2
M12,K12_H_T_23,11669,T3,H2
M12,K12_H_N_24,11670,T3,H2
M12,K12_H_T_24,11671,T3,H2
M12,S8_C_T_22,11674,T3,C1
M12,S8_C_N_22,11675,T3,C1
M12,S8_C_T_21,11676,T3,C1
M12,S8_C_N_21,11677,T3,C1
M12,K8_C_T_22,11679,T3,C1
M12,K8_C_N_22,11680,T3,C1
M12,K8_C_T_21,11681,T3,C1
M12,K8_C_N_21,11682,T3,C1
M12,S10_C_T_22,11684,T3,C1
M12,S10_C_N_22,11685,T3,C1
M12,S10_C_T_21,11686,T3,C1
M12,S10_C_N_21,11687,T3,C1
M12,K10_C_N_21,11689,T3,C1
M12,K10_C_T_21,11690,T3,C1
M12,K10_C_N_22,11691,T3,C1
M12,K10_C_T_22,11692,T3,C1
M12,S12_C_T_22,11694,T3,C1
M12,S12_C_N_22,11695,T3,C1
M12,S12_C_T_21,11696,T3,C1
M12,S12_C_N_21,11697,T3,C1
M12,K12_C_T_22,11699,T3,C1
M12,K12_C_N_22,11700,T3,C1
M12,K12_C_T_21,11701,T3,C1
M12,K12_C_N_21,11702,T3,C1
M12,S8_C_T_24,11705,T3,C2
M12,S8_C_N_24,11706,T3,C2
M12,S8_C_T_23,11707,T3,C2
M12,S8_C_N_23,11708,T3,C2
M12,K8_C_N_23,11710,T3,C2
M12,K8_C_T_23,11711,T3,C2
M12,K8_C_N_24,11712,T3,C2
M12,K8_C_T_24,11713,T3,C2
M12,S10_C_N_23,11715,T3,C2
M12,S10_C_T_23,11716,T3,C2
M12,S10_C_N_24,11717,T3,C2
M12,S10_C_T_24,11718,T3,C2
M12,K10_C_N_23,11720,T3,C2
M12,K10_C_T_23,11721,T3,C2
M12,K10_C_N_24,11722,T3,C2
M12,K10_C_T_24,11723,T3,C2
M12,S12_C_T_24,11725,T3,C2
M12,S12_C_N_24,11726,T3,C2
M12,S12_C_T_23,11727,T3,C2
M12,S12_C_N_23,11728,T3,C2
M12,K12_C_T_24,11730,T3,C2
M12,K12_C_N_24,11731,T3,C2
M12,K12_C_T_23,11732,T3,C2
M12,K12_C_N_23,11733,T3,C2
