Row,Column,Well,Plate,A562,Input,RandN,Rep,Fraction
A,1,A1,1A,2.531,Standard,St_A,A,NA
B,1,B1,A1,2.012,Standard,St_B,A,NA
C,1,C1,A1,1.403,Standard,St_C,A,NA
D,1,D1,A1,1.172,Standard,St_D,A,NA
E,1,E1,A1,0.813,Standard,St_E,A,NA
F,1,F1,A1,0.475,Standard,St_F,A,NA
G,1,G1,A1,0.299,Standard,St_G,A,NA
H,1,H1,A1,0.126,Standard,St_H,A,NA
A,2,A2,A1,0.091,Standard,St_I,A,NA
B,2,B2,A1,0.584,Un,1,A,C
C,2,C2,A1,0.485,Un,2,A,C
D,2,D2,A1,0.804,Un,3,A,C
E,2,E2,A1,0.911,Un,4,A,C
F,2,F2,A1,1.545,Un,5,A,C
G,2,G2,A1,0.878,Un,6,A,C
H,2,H2,A1,0.763,Un,7,A,C
A,3,A3,A1,1.002,Un,8,A,C
B,3,B3,A1,0.779,Un,9,A,C
C,3,C3,A1,0.899,Un,10,A,C
D,3,D3,A1,1.031,Un,11,A,C
E,3,E3,A1,1.047,Un,12,A,C
F,3,F3,A1,1.011,Un,13,A,C
G,3,G3,A1,0.827,Un,14,A,C
H,3,H3,A1,1.254,Un,15,A,C
A,4,A4,A1,1.237,Un,16,A,C
B,4,B4,A1,1.262,Un,17,A,C
C,4,C4,A1,1.103,Un,18,A,C
D,4,D4,A1,1.062,Un,19,A,C
E,4,E4,A1,0.453,Un,20,A,C
F,4,F4,A1,1.259,Un,21,A,C
G,4,G4,A1,1.021,Un,22,A,C
H,4,H4,A1,1.103,Un,23,A,C
A,5,A5,A1,1.054,Un,24,A,C
B,5,B5,A1,0.691,Un,25,A,C
C,5,C5,A1,1.477,Un,26,A,C
D,5,D5,A1,1.634,Un,27,A,C
E,5,E5,A1,1.522,Un,28,A,C
F,5,F5,A1,1.323,Un,29,A,C
G,5,G5,A1,1.299,Un,30,A,C
H,5,H5,A1,1.117,Un,31,A,C
A,6,A6,A1,1.116,Un,32,A,C
B,6,B6,A1,0.969,Un,33,A,C
C,6,C6,A1,0.728,Un,34,A,C
D,6,D6,A1,1.239,Un,35,A,C
E,6,E6,A1,0.98,Un,36,A,C
F,6,F6,A1,0.996,Un,37,A,C
G,6,G6,A1,0.978,Un,38,A,C
H,6,H6,A1,0.561,Un,39,A,C
A,7,A7,A1,1.148,Un,40,A,C
B,7,B7,A1,0.996,Un,41,A,C
C,7,C7,A1,0.874,Un,42,A,C
D,7,D7,A1,0.945,Un,43,A,C
E,7,E7,A1,1.269,Un,44,A,C
F,7,F7,A1,1.361,Un,45,A,C
G,7,G7,A1,0.813,Un,46,A,C
H,7,H7,A1,1.271,Un,47,A,C
A,8,A8,A1,1.485,Un,48,A,C
B,8,B8,A1,1.47,Un,49,A,C
C,8,C8,A1,1.544,Un,50,A,C
D,8,D8,A1,1.236,Un,51,A,C
E,8,E8,A1,1.291,Un,52,A,C
F,8,F8,A1,0.566,Un,53,A,C
G,8,G8,A1,0.768,Un,54,A,C
H,8,H8,A1,1.234,Un,55,A,C
A,9,A9,A1,1.619,Un,56,A,C
B,9,B9,A1,0.743,Un,57,A,C
C,9,C9,A1,0.779,Un,58,A,C
D,9,D9,A1,0.777,Un,59,A,C
E,9,E9,A1,0.784,Un,60,A,C
F,9,F9,A1,0.691,Un,61,A,C
G,9,G9,A1,1.443,Un,62,A,C
H,9,H9,A1,0.882,Un,63,A,C
A,10,A10,A1,0.746,Un,64,A,C
B,10,B10,A1,0.744,Un,65,A,C
C,10,C10,A1,1.08,Un,66,A,C
D,10,D10,A1,0.781,Un,67,A,C
E,10,E10,A1,1.015,Un,68,A,C
F,10,F10,A1,0.814,Un,69,A,C
G,10,G10,A1,0.705,Un,70,A,C
H,10,H10,A1,1.02,Un,71,A,C
A,11,A11,A1,0.85,Un,72,A,C
B,11,B11,A1,0.879,Un,73,A,C
C,11,C11,A1,1.17,Un,74,A,C
D,11,D11,A1,0.802,Un,75,A,C
E,11,E11,A1,1.277,Un,76,A,C
F,11,F11,A1,1.088,Un,77,A,C
G,11,G11,A1,0.797,Un,78,A,C
H,11,H11,A1,1.658,Un,79,A,C
A,12,A12,A1,0.678,Un,80,A,C
B,12,B12,A1,0.804,Un,81,A,C
C,12,C12,A1,0.759,Un,82,A,C
D,12,D12,A1,1.032,Un,83,A,C
E,12,E12,A1,0.928,Un,84,A,C
F,12,F12,A1,0.813,Un,85,A,C
G,12,G12,A1,0.936,Un,86,A,C
H,12,H12,A1,1.056,Un,87,A,C
A,1,A1,A2,2.518,Standard,St_A,B,NA
B,1,B1,A2,2.065,Standard,St_B,B,NA
C,1,C1,A2,1.546,Standard,St_C,B,NA
D,1,D1,A2,1.163,Standard,St_D,B,NA
E,1,E1,A2,0.83,Standard,St_E,B,NA
F,1,F1,A2,0.502,Standard,St_F,B,NA
G,1,G1,A2,0.308,Standard,St_G,B,NA
H,1,H1,A2,0.132,Standard,St_H,B,NA
A,2,A2,A2,0.091,Standard,St_I,B,NA
B,2,B2,A2,0.6,Un,1,B,C
C,2,C2,A2,0.525,Un,2,B,C
D,2,D2,A2,0.803,Un,3,B,C
E,2,E2,A2,1.196,Un,4,B,C
F,2,F2,A2,1.687,Un,5,B,C
G,2,G2,A2,0.963,Un,6,B,C
H,2,H2,A2,0.824,Un,7,B,C
A,3,A3,A2,1.002,Un,8,B,C
B,3,B3,A2,0.792,Un,9,B,C
C,3,C3,A2,0.939,Un,10,B,C
D,3,D3,A2,1.079,Un,11,B,C
E,3,E3,A2,1.06,Un,12,B,C
F,3,F3,A2,1.019,Un,13,B,C
G,3,G3,A2,0.833,Un,14,B,C
H,3,H3,A2,1.209,Un,15,B,C
A,4,A4,A2,1.343,Un,16,B,C
B,4,B4,A2,1.368,Un,17,B,C
C,4,C4,A2,1.201,Un,18,B,C
D,4,D4,A2,1.129,Un,19,B,C
E,4,E4,A2,0.47,Un,20,B,C
F,4,F4,A2,1.387,Un,21,B,C
G,4,G4,A2,1.11,Un,22,B,C
H,4,H4,A2,1.129,Un,23,B,C
A,5,A5,A2,0.987,Un,24,B,C
B,5,B5,A2,0.723,Un,25,B,C
C,5,C5,A2,1.536,Un,26,B,C
D,5,D5,A2,1.681,Un,27,B,C
E,5,E5,A2,1.569,Un,28,B,C
F,5,F5,A2,1.349,Un,29,B,C
G,5,G5,A2,1.313,Un,30,B,C
H,5,H5,A2,1.121,Un,31,B,C
A,6,A6,A2,1.17,Un,32,B,C
B,6,B6,A2,1.064,Un,33,B,C
C,6,C6,A2,0.769,Un,34,B,C
D,6,D6,A2,1.334,Un,35,B,C
E,6,E6,A2,1.025,Un,36,B,C
F,6,F6,A2,1.022,Un,37,B,C
G,6,G6,A2,0.996,Un,38,B,C
H,6,H6,A2,0.571,Un,39,B,C
A,7,A7,A2,1.226,Un,40,B,C
B,7,B7,A2,1.045,Un,41,B,C
C,7,C7,A2,0.934,Un,42,B,C
D,7,D7,A2,0.995,Un,43,B,C
E,7,E7,A2,1.334,Un,44,B,C
F,7,F7,A2,1.487,Un,45,B,C
G,7,G7,A2,0.876,Un,46,B,C
H,7,H7,A2,1.158,Un,47,B,C
A,8,A8,A2,1.543,Un,48,B,C
B,8,B8,A2,1.563,Un,49,B,C
C,8,C8,A2,1.714,Un,50,B,C
D,8,D8,A2,1.308,Un,51,B,C
E,8,E8,A2,1.331,Un,52,B,C
F,8,F8,A2,0.591,Un,53,B,C
G,8,G8,A2,0.81,Un,54,B,C
H,8,H8,A2,1.323,Un,55,B,C
A,9,A9,A2,1.68,Un,56,B,C
B,9,B9,A2,0.793,Un,57,B,C
C,9,C9,A2,0.805,Un,58,B,C
D,9,D9,A2,0.816,Un,59,B,C
E,9,E9,A2,0.828,Un,60,B,C
F,9,F9,A2,0.709,Un,61,B,C
G,9,G9,A2,1.542,Un,62,B,C
H,9,H9,A2,0.933,Un,63,B,C
A,10,A10,A2,0.796,Un,64,B,C
B,10,B10,A2,0.772,Un,65,B,C
C,10,C10,A2,1.183,Un,66,B,C
D,10,D10,A2,0.81,Un,67,B,C
E,10,E10,A2,0.98,Un,68,B,C
F,10,F10,A2,0.876,Un,69,B,C
G,10,G10,A2,0.734,Un,70,B,C
H,10,H10,A2,1.069,Un,71,B,C
A,11,A11,A2,0.872,Un,72,B,C
B,11,B11,A2,0.915,Un,73,B,C
C,11,C11,A2,1.191,Un,74,B,C
D,11,D11,A2,0.834,Un,75,B,C
E,11,E11,A2,1.36,Un,76,B,C
F,11,F11,A2,1.176,Un,77,B,C
G,11,G11,A2,0.833,Un,78,B,C
H,11,H11,A2,1.849,Un,79,B,C
A,12,A12,A2,0.675,Un,80,B,C
B,12,B12,A2,0.794,Un,81,B,C
C,12,C12,A2,0.755,Un,82,B,C
D,12,D12,A2,1.019,Un,83,B,C
E,12,E12,A2,0.88,Un,84,B,C
F,12,F12,A2,0.838,Un,85,B,C
G,12,G12,A2,0.958,Un,86,B,C
H,12,H12,A2,1.123,Un,87,B,C
A,1,A1,A3,2.473,Standard,St_A,C,NA
B,1,B1,A3,2.05,Standard,St_B,C,NA
C,1,C1,A3,1.481,Standard,St_C,C,NA
D,1,D1,A3,1.172,Standard,St_D,C,NA
E,1,E1,A3,0.853,Standard,St_E,C,NA
F,1,F1,A3,0.503,Standard,St_F,C,NA
G,1,G1,A3,0.308,Standard,St_G,C,NA
H,1,H1,A3,0.131,Standard,St_H,C,NA
A,2,A2,A3,0.094,Standard,St_I,C,NA
B,2,B2,A3,0.607,Un,1,C,C
C,2,C2,A3,0.522,Un,2,C,C
D,2,D2,A3,0.81,Un,3,C,C
E,2,E2,A3,1.009,Un,4,C,C
F,2,F2,A3,1.688,Un,5,C,C
G,2,G2,A3,0.946,Un,6,C,C
H,2,H2,A3,0.857,Un,7,C,C
A,3,A3,A3,1.008,Un,8,C,C
B,3,B3,A3,0.787,Un,9,C,C
C,3,C3,A3,0.951,Un,10,C,C
D,3,D3,A3,1.099,Un,11,C,C
E,3,E3,A3,1.056,Un,12,C,C
F,3,F3,A3,1.036,Un,13,C,C
G,3,G3,A3,0.825,Un,14,C,C
H,3,H3,A3,1.223,Un,15,C,C
A,4,A4,A3,1.231,Un,16,C,C
B,4,B4,A3,1.3,Un,17,C,C
C,4,C4,A3,1.162,Un,18,C,C
D,4,D4,A3,1.096,Un,19,C,C
E,4,E4,A3,0.478,Un,20,C,C
F,4,F4,A3,1.199,Un,21,C,C
G,4,G4,A3,1.058,Un,22,C,C
H,4,H4,A3,1.099,Un,23,C,C
A,5,A5,A3,0.98,Un,24,C,C
B,5,B5,A3,0.701,Un,25,C,C
C,5,C5,A3,1.534,Un,26,C,C
D,5,D5,A3,1.624,Un,27,C,C
E,5,E5,A3,1.584,Un,28,C,C
F,5,F5,A3,1.338,Un,29,C,C
G,5,G5,A3,1.32,Un,30,C,C
H,5,H5,A3,1.108,Un,31,C,C
A,6,A6,A3,1.149,Un,32,C,C
B,6,B6,A3,1.057,Un,33,C,C
C,6,C6,A3,0.765,Un,34,C,C
D,6,D6,A3,1.352,Un,35,C,C
E,6,E6,A3,1.038,Un,36,C,C
F,6,F6,A3,1.042,Un,37,C,C
G,6,G6,A3,1.045,Un,38,C,C
H,6,H6,A3,0.566,Un,39,C,C
A,7,A7,A3,1.092,Un,40,C,C
B,7,B7,A3,1.017,Un,41,C,C
C,7,C7,A3,0.908,Un,42,C,C
D,7,D7,A3,0.944,Un,43,C,C
E,7,E7,A3,1.22,Un,44,C,C
F,7,F7,A3,1.44,Un,45,C,C
G,7,G7,A3,0.848,Un,46,C,C
H,7,H7,A3,1.341,Un,47,C,C
A,8,A8,A3,1.551,Un,48,C,C
B,8,B8,A3,1.525,Un,49,C,C
C,8,C8,A3,1.703,Un,50,C,C
D,8,D8,A3,1.275,Un,51,C,C
E,8,E8,A3,1.32,Un,52,C,C
F,8,F8,A3,0.611,Un,53,C,C
G,8,G8,A3,0.823,Un,54,C,C
H,8,H8,A3,1.296,Un,55,C,C
A,9,A9,A3,1.631,Un,56,C,C
B,9,B9,A3,0.776,Un,57,C,C
C,9,C9,A3,0.848,Un,58,C,C
D,9,D9,A3,0.813,Un,59,C,C
E,9,E9,A3,0.825,Un,60,C,C
F,9,F9,A3,0.722,Un,61,C,C
G,9,G9,A3,1.537,Un,62,C,C
H,9,H9,A3,0.934,Un,63,C,C
A,10,A10,A3,0.756,Un,64,C,C
B,10,B10,A3,0.787,Un,65,C,C
C,10,C10,A3,1.145,Un,66,C,C
D,10,D10,A3,0.805,Un,67,C,C
E,10,E10,A3,0.964,Un,68,C,C
F,10,F10,A3,0.806,Un,69,C,C
G,10,G10,A3,0.699,Un,70,C,C
H,10,H10,A3,1.015,Un,71,C,C
A,11,A11,A3,0.848,Un,72,C,C
B,11,B11,A3,0.905,Un,73,C,C
C,11,C11,A3,1.12,Un,74,C,C
D,11,D11,A3,0.857,Un,75,C,C
E,11,E11,A3,1.223,Un,76,C,C
F,11,F11,A3,1.13,Un,77,C,C
G,11,G11,A3,0.812,Un,78,C,C
H,11,H11,A3,1.654,Un,79,C,C
A,12,A12,A3,0.666,Un,80,C,C
B,12,B12,A3,0.792,Un,81,C,C
C,12,C12,A3,0.744,Un,82,C,C
D,12,D12,A3,1.02,Un,83,C,C
E,12,E12,A3,0.859,Un,84,C,C
F,12,F12,A3,0.826,Un,85,C,C
G,12,G12,A3,0.936,Un,86,C,C
H,12,H12,A3,1.028,Un,87,C,C
A,1,A1,B1,2.51,Standard,St_A,D,NA
B,1,B1,B1,2.017,Standard,St_B,D,NA
C,1,C1,B1,1.453,Standard,St_C,D,NA
D,1,D1,B1,1.15,Standard,St_D,D,NA
E,1,E1,B1,0.847,Standard,St_E,D,NA
F,1,F1,B1,0.489,Standard,St_F,D,NA
G,1,G1,B1,0.311,Standard,St_G,D,NA
H,1,H1,B1,0.135,Standard,St_H,D,NA
A,2,A2,B1,0.095,Standard,St_I,D,NA
B,2,B2,B1,0.624,Un,1,A,S
C,2,C2,B1,0.639,Un,2,A,S
D,2,D2,B1,1,Un,3,A,S
E,2,E2,B1,1.594,Un,4,A,S
F,2,F2,B1,2.477,Un,5,A,S
G,2,G2,B1,0.97,Un,6,A,S
H,2,H2,B1,0.814,Un,7,A,S
A,3,A3,B1,0.952,Un,8,A,S
B,3,B3,B1,0.824,Un,9,A,S
C,3,C3,B1,1.091,Un,10,A,S
D,3,D3,B1,1.092,Un,11,A,S
E,3,E3,B1,1.106,Un,12,A,S
F,3,F3,B1,1.216,Un,13,A,S
G,3,G3,B1,1.247,Un,14,A,S
H,3,H3,B1,1.269,Un,15,A,S
A,4,A4,B1,1.378,Un,16,A,S
B,4,B4,B1,1.947,Un,17,A,S
C,4,C4,B1,1.572,Un,18,A,S
D,4,D4,B1,1.165,Un,19,A,S
E,4,E4,B1,0.657,Un,20,A,S
F,4,F4,B1,1.595,Un,21,A,S
G,4,G4,B1,1.237,Un,22,A,S
H,4,H4,B1,1.124,Un,23,A,S
A,5,A5,B1,1.139,Un,24,A,S
B,5,B5,B1,0.702,Un,25,A,S
C,5,C5,B1,1.451,Un,26,A,S
D,5,D5,B1,2.147,Un,27,A,S
E,5,E5,B1,2.043,Un,28,A,S
F,5,F5,B1,1.26,Un,29,A,S
G,5,G5,B1,1.282,Un,30,A,S
H,5,H5,B1,1.106,Un,31,A,S
A,6,A6,B1,1.585,Un,32,A,S
B,6,B6,B1,1.279,Un,33,A,S
C,6,C6,B1,1.144,Un,34,A,S
D,6,D6,B1,2.339,Un,35,A,S
E,6,E6,B1,1.141,Un,36,A,S
F,6,F6,B1,1.128,Un,37,A,S
G,6,G6,B1,1.069,Un,38,A,S
H,6,H6,B1,0.659,Un,39,A,S
A,7,A7,B1,2.009,Un,40,A,S
B,7,B7,B1,3.657,Un,41,A,S
C,7,C7,B1,1.66,Un,42,A,S
D,7,D7,B1,1.88,Un,43,A,S
E,7,E7,B1,2.045,Un,44,A,S
F,7,F7,B1,1.82,Un,45,A,S
G,7,G7,B1,0.971,Un,46,A,S
H,7,H7,B1,2.62,Un,47,A,S
A,8,A8,B1,2.717,Un,48,A,S
B,8,B8,B1,2.965,Un,49,A,S
C,8,C8,B1,2.907,Un,50,A,S
D,8,D8,B1,1.684,Un,51,A,S
E,8,E8,B1,3.161,Un,52,A,S
F,8,F8,B1,0.747,Un,53,A,S
G,8,G8,B1,1.175,Un,54,A,S
H,8,H8,B1,1.652,Un,55,A,S
A,9,A9,B1,2.156,Un,56,A,S
B,9,B9,B1,1.177,Un,57,A,S
C,9,C9,B1,1.446,Un,58,A,S
D,9,D9,B1,1.239,Un,59,A,S
E,9,E9,B1,1.245,Un,60,A,S
F,9,F9,B1,0.838,Un,61,A,S
G,9,G9,B1,2.163,Un,62,A,S
H,9,H9,B1,1.006,Un,63,A,S
A,10,A10,B1,1.076,Un,64,A,S
B,10,B10,B1,1.105,Un,65,A,S
C,10,C10,B1,1.04,Un,66,A,S
D,10,D10,B1,0.931,Un,67,A,S
E,10,E10,B1,1.878,Un,68,A,S
F,10,F10,B1,1.13,Un,69,A,S
G,10,G10,B1,0.902,Un,70,A,S
H,10,H10,B1,1.199,Un,71,A,S
A,11,A11,B1,1.022,Un,72,A,S
B,11,B11,B1,1.113,Un,73,A,S
C,11,C11,B1,1.084,Un,74,A,S
D,11,D11,B1,0.917,Un,75,A,S
E,11,E11,B1,1.513,Un,76,A,S
F,11,F11,B1,1.909,Un,77,A,S
G,11,G11,B1,1.364,Un,78,A,S
H,11,H11,B1,2.385,Un,79,A,S
A,12,A12,B1,0.858,Un,80,A,S
B,12,B12,B1,1.072,Un,81,A,S
C,12,C12,B1,1.157,Un,82,A,S
D,12,D12,B1,1.569,Un,83,A,S
E,12,E12,B1,1.984,Un,84,A,S
F,12,F12,B1,1.132,Un,85,A,S
G,12,G12,B1,1.134,Un,86,A,S
H,12,H12,B1,1.588,Un,87,A,S
A,1,A1,B2,2.624,Standard,St_A,E,NA
B,1,B1,B2,2.076,Standard,St_B,E,NA
C,1,C1,B2,1.531,Standard,St_C,E,NA
D,1,D1,B2,1.212,Standard,St_D,E,NA
E,1,E1,B2,0.895,Standard,St_E,E,NA
F,1,F1,B2,0.536,Standard,St_F,E,NA
G,1,G1,B2,0.326,Standard,St_G,E,NA
H,1,H1,B2,0.135,Standard,St_H,E,NA
A,2,A2,B2,0.099,Standard,St_I,E,NA
B,2,B2,B2,0.661,Un,1,B,S
C,2,C2,B2,0.639,Un,2,B,S
D,2,D2,B2,1.045,Un,3,B,S
E,2,E2,B2,1.101,Un,4,B,S
F,2,F2,B2,1.931,Un,5,B,S
G,2,G2,B2,1.142,Un,6,B,S
H,2,H2,B2,0.828,Un,7,B,S
A,3,A3,B2,0.999,Un,8,B,S
B,3,B3,B2,0.842,Un,9,B,S
C,3,C3,B2,1.077,Un,10,B,S
D,3,D3,B2,1.092,Un,11,B,S
E,3,E3,B2,1.088,Un,12,B,S
F,3,F3,B2,1.211,Un,13,B,S
G,3,G3,B2,1.054,Un,14,B,S
H,3,H3,B2,1.292,Un,15,B,S
A,4,A4,B2,1.412,Un,16,B,S
B,4,B4,B2,1.814,Un,17,B,S
C,4,C4,B2,1.469,Un,18,B,S
D,4,D4,B2,1.211,Un,19,B,S
E,4,E4,B2,0.612,Un,20,B,S
F,4,F4,B2,1.614,Un,21,B,S
G,4,G4,B2,1.312,Un,22,B,S
H,4,H4,B2,1.119,Un,23,B,S
A,5,A5,B2,1.214,Un,24,B,S
B,5,B5,B2,0.719,Un,25,B,S
C,5,C5,B2,1.688,Un,26,B,S
D,5,D5,B2,2.299,Un,27,B,S
E,5,E5,B2,2.68,Un,28,B,S
F,5,F5,B2,1.325,Un,29,B,S
G,5,G5,B2,1.357,Un,30,B,S
H,5,H5,B2,1.109,Un,31,B,S
A,6,A6,B2,1.523,Un,32,B,S
B,6,B6,B2,1.314,Un,33,B,S
C,6,C6,B2,1.092,Un,34,B,S
D,6,D6,B2,2.313,Un,35,B,S
E,6,E6,B2,1.124,Un,36,B,S
F,6,F6,B2,1.044,Un,37,B,S
G,6,G6,B2,1.035,Un,38,B,S
H,6,H6,B2,0.645,Un,39,B,S
A,7,A7,B2,1.735,Un,40,B,S
B,7,B7,B2,1.374,Un,41,B,S
C,7,C7,B2,0.961,Un,42,B,S
D,7,D7,B2,1.432,Un,43,B,S
E,7,E7,B2,1.622,Un,44,B,S
F,7,F7,B2,1.919,Un,45,B,S
G,7,G7,B2,0.994,Un,46,B,S
H,7,H7,B2,2.283,Un,47,B,S
A,8,A8,B2,2.318,Un,48,B,S
B,8,B8,B2,1.931,Un,49,B,S
C,8,C8,B2,2.051,Un,50,B,S
D,8,D8,B2,1.431,Un,51,B,S
E,8,E8,B2,1.35,Un,52,B,S
F,8,F8,B2,0.747,Un,53,B,S
G,8,G8,B2,1.213,Un,54,B,S
H,8,H8,B2,1.54,Un,55,B,S
A,9,A9,B2,1.778,Un,56,B,S
B,9,B9,B2,1.063,Un,57,B,S
C,9,C9,B2,1.157,Un,58,B,S
D,9,D9,B2,1.109,Un,59,B,S
E,9,E9,B2,1.297,Un,60,B,S
F,9,F9,B2,0.856,Un,61,B,S
G,9,G9,B2,1.86,Un,62,B,S
H,9,H9,B2,1.054,Un,63,B,S
A,10,A10,B2,0.987,Un,64,B,S
B,10,B10,B2,0.992,Un,65,B,S
C,10,C10,B2,1.003,Un,66,B,S
D,10,D10,B2,0.977,Un,67,B,S
E,10,E10,B2,1.764,Un,68,B,S
F,10,F10,B2,1.094,Un,69,B,S
G,10,G10,B2,0.8,Un,70,B,S
H,10,H10,B2,1.265,Un,71,B,S
A,11,A11,B2,0.913,Un,72,B,S
B,11,B11,B2,1.015,Un,73,B,S
C,11,C11,B2,1.202,Un,74,B,S
D,11,D11,B2,0.946,Un,75,B,S
E,11,E11,B2,1.412,Un,76,B,S
F,11,F11,B2,1.742,Un,77,B,S
G,11,G11,B2,1.048,Un,78,B,S
H,11,H11,B2,1.937,Un,79,B,S
A,12,A12,B2,0.71,Un,80,B,S
B,12,B12,B2,0.983,Un,81,B,S
C,12,C12,B2,0.962,Un,82,B,S
D,12,D12,B2,1.432,Un,83,B,S
E,12,E12,B2,0.731,Un,84,B,S
F,12,F12,B2,0.957,Un,85,B,S
G,12,G12,B2,0.945,Un,86,B,S
H,12,H12,B2,1.225,Un,87,B,S
A,1,A1,B3,2.646,Standard,St_A,F,NA
B,1,B1,B3,2.063,Standard,St_B,F,NA
C,1,C1,B3,1.545,Standard,St_C,F,NA
D,1,D1,B3,1.193,Standard,St_D,F,NA
E,1,E1,B3,0.883,Standard,St_E,F,NA
F,1,F1,B3,0.526,Standard,St_F,F,NA
G,1,G1,B3,0.322,Standard,St_G,F,NA
H,1,H1,B3,0.131,Standard,St_H,F,NA
A,2,A2,B3,0.093,Standard,St_I,F,NA
B,2,B2,B3,0.693,Un,1,C,S
C,2,C2,B3,0.662,Un,2,C,S
D,2,D2,B3,1.028,Un,3,C,S
E,2,E2,B3,1.038,Un,4,C,S
F,2,F2,B3,1.67,Un,5,C,S
G,2,G2,B3,1.166,Un,6,C,S
H,2,H2,B3,0.806,Un,7,C,S
A,3,A3,B3,0.984,Un,8,C,S
B,3,B3,B3,0.835,Un,9,C,S
C,3,C3,B3,1.068,Un,10,C,S
D,3,D3,B3,1.124,Un,11,C,S
E,3,E3,B3,1.076,Un,12,C,S
F,3,F3,B3,1.225,Un,13,C,S
G,3,G3,B3,0.925,Un,14,C,S
H,3,H3,B3,1.395,Un,15,C,S
A,4,A4,B3,1.413,Un,16,C,S
B,4,B4,B3,1.805,Un,17,C,S
C,4,C4,B3,1.451,Un,18,C,S
D,4,D4,B3,1.193,Un,19,C,S
E,4,E4,B3,0.679,Un,20,C,S
F,4,F4,B3,1.699,Un,21,C,S
G,4,G4,B3,1.305,Un,22,C,S
H,4,H4,B3,1.27,Un,23,C,S
A,5,A5,B3,1.235,Un,24,C,S
B,5,B5,B3,0.685,Un,25,C,S
C,5,C5,B3,1.659,Un,26,C,S
D,5,D5,B3,2.386,Un,27,C,S
E,5,E5,B3,2.504,Un,28,C,S
F,5,F5,B3,1.232,Un,29,C,S
G,5,G5,B3,1.305,Un,30,C,S
H,5,H5,B3,1.039,Un,31,C,S
A,6,A6,B3,1.625,Un,32,C,S
B,6,B6,B3,1.393,Un,33,C,S
C,6,C6,B3,1.121,Un,34,C,S
D,6,D6,B3,2.214,Un,35,C,S
E,6,E6,B3,1.162,Un,36,C,S
F,6,F6,B3,1.141,Un,37,C,S
G,6,G6,B3,1.09,Un,38,C,S
H,6,H6,B3,0.647,Un,39,C,S
A,7,A7,B3,1.728,Un,40,C,S
B,7,B7,B3,1.789,Un,41,C,S
C,7,C7,B3,1.618,Un,42,C,S
D,7,D7,B3,1.971,Un,43,C,S
E,7,E7,B3,2.251,Un,44,C,S
F,7,F7,B3,2.012,Un,45,C,S
G,7,G7,B3,1.014,Un,46,C,S
H,7,H7,B3,2.489,Un,47,C,S
A,8,A8,B3,2.422,Un,48,C,S
B,8,B8,B3,1.743,Un,49,C,S
C,8,C8,B3,2.105,Un,50,C,S
D,8,D8,B3,1.485,Un,51,C,S
E,8,E8,B3,1.638,Un,52,C,S
F,8,F8,B3,0.761,Un,53,C,S
G,8,G8,B3,1.051,Un,54,C,S
H,8,H8,B3,1.594,Un,55,C,S
A,9,A9,B3,1.78,Un,56,C,S
B,9,B9,B3,0.857,Un,57,C,S
C,9,C9,B3,1.183,Un,58,C,S
D,9,D9,B3,0.98,Un,59,C,S
E,9,E9,B3,1.085,Un,60,C,S
F,9,F9,B3,0.752,Un,61,C,S
G,9,G9,B3,1.564,Un,62,C,S
H,9,H9,B3,0.918,Un,63,C,S
A,10,A10,B3,0.953,Un,64,C,S
B,10,B10,B3,0.992,Un,65,C,S
C,10,C10,B3,0.999,Un,66,C,S
D,10,D10,B3,0.971,Un,67,C,S
E,10,E10,B3,1.403,Un,68,C,S
F,10,F10,B3,0.976,Un,69,C,S
G,10,G10,B3,0.77,Un,70,C,S
H,10,H10,B3,1.207,Un,71,C,S
A,11,A11,B3,0.853,Un,72,C,S
B,11,B11,B3,0.821,Un,73,C,S
C,11,C11,B3,1.071,Un,74,C,S
D,11,D11,B3,0.97,Un,75,C,S
E,11,E11,B3,1.349,Un,76,C,S
F,11,F11,B3,1.372,Un,77,C,S
G,11,G11,B3,1.151,Un,78,C,S
H,11,H11,B3,1.733,Un,79,C,S
A,12,A12,B3,0.801,Un,80,C,S
B,12,B12,B3,1.077,Un,81,C,S
C,12,C12,B3,0.883,Un,82,C,S
D,12,D12,B3,1.553,Un,83,C,S
E,12,E12,B3,0.698,Un,84,C,S
F,12,F12,B3,0.988,Un,85,C,S
G,12,G12,B3,0.888,Un,86,C,S
H,12,H12,B3,1.081,Un,87,C,S
A,1,A1,C1,2.637,Standard,St_A,G,NA
B,1,B1,C1,2.133,Standard,St_B,G,NA
C,1,C1,C1,1.589,Standard,St_C,G,NA
D,1,D1,C1,1.278,Standard,St_D,G,NA
E,1,E1,C1,0.94,Standard,St_E,G,NA
F,1,F1,C1,0.544,Standard,St_F,G,NA
G,1,G1,C1,0.331,Standard,St_G,G,NA
H,1,H1,C1,0.131,Standard,St_H,G,NA
A,2,A2,C1,0.097,Standard,St_I,G,NA
B,2,B2,C1,1.808,Un,88,A,C
C,2,C2,C1,1.796,Un,88,B,C
D,2,D2,C1,1.793,Un,88,C,C
E,2,E2,C1,1.565,Un,88,A,S
F,2,F2,C1,1.778,Un,88,B,S
G,2,G2,C1,1.612,Un,88,C,S
H,2,H2,C1,0.103,NA,NA,NA,NA
A,3,A3,C1,1.363,Un,89,A,C
B,3,B3,C1,0.744,Un,90,A,C
C,3,C3,C1,1.143,Un,91,A,C
D,3,D3,C1,1.396,Un,92,A,C
E,3,E3,C1,0.991,Un,93,A,C
F,3,F3,C1,0.819,Un,94,A,C
G,3,G3,C1,1.434,Un,95,A,C
H,3,H3,C1,0.77,Un,96,A,C
A,4,A4,C1,1.314,Un,89,B,C
B,4,B4,C1,0.728,Un,90,B,C
C,4,C4,C1,1.123,Un,91,B,C
D,4,D4,C1,1.344,Un,92,B,C
E,4,E4,C1,0.983,Un,93,B,C
F,4,F4,C1,0.903,Un,94,B,C
G,4,G4,C1,1.443,Un,95,B,C
H,4,H4,C1,0.797,Un,96,B,C
A,5,A5,C1,1.328,Un,89,C,C
B,5,B5,C1,0.735,Un,90,C,C
C,5,C5,C1,1.135,Un,91,C,C
D,5,D5,C1,1.372,Un,92,C,C
E,5,E5,C1,0.972,Un,93,C,C
F,5,F5,C1,0.884,Un,94,C,C
G,5,G5,C1,1.41,Un,95,C,C
H,5,H5,C1,0.778,Un,96,C,C
A,6,A6,C1,1.782,Un,89,A,S
B,6,B6,C1,0.957,Un,90,A,S
C,6,C6,C1,1.254,Un,91,A,S
D,6,D6,C1,1.506,Un,92,A,S
E,6,E6,C1,1.129,Un,93,A,S
F,6,F6,C1,0.959,Un,94,A,S
G,6,G6,C1,1.562,Un,95,A,S
H,6,H6,C1,0.776,Un,96,A,S
A,7,A7,C1,1.537,Un,89,B,S
B,7,B7,C1,1.093,Un,90,B,S
C,7,C7,C1,1.164,Un,91,B,S
D,7,D7,C1,1.797,Un,92,B,S
E,7,E7,C1,1.053,Un,93,B,S
F,7,F7,C1,1.013,Un,94,B,S
G,7,G7,C1,1.498,Un,95,B,S
H,7,H7,C1,0.769,Un,96,B,S
A,8,A8,C1,1.663,Un,89,C,S
B,8,B8,C1,0.985,Un,90,C,S
C,8,C8,C1,1.101,Un,91,C,S
D,8,D8,C1,1.475,Un,92,C,S
E,8,E8,C1,1.035,Un,93,C,S
F,8,F8,C1,0.972,Un,94,C,S
G,8,G8,C1,1.47,Un,95,C,S
H,8,H8,C1,0.763,Un,96,C,S
A,1,A1,PH_A1,2.413,Standard,St_A,H,NA
B,1,B1,PH_A1,1.808,Standard,St_B,H,NA
C,1,C1,PH_A1,1.369,Standard,St_C,H,NA
D,1,D1,PH_A1,1.061,Standard,St_D,H,NA
E,1,E1,PH_A1,0.732,Standard,St_E,H,NA
F,1,F1,PH_A1,0.43,Standard,St_F,H,NA
G,1,G1,PH_A1,0.285,Standard,St_G,H,NA
H,1,H1,PH_A1,0.139,Standard,St_H,H,NA
A,2,A2,PH_A1,0.1,Standard,St_I,H,NA
B,2,B2,PH_A1,1.341,Un,97,A,C
C,2,C2,PH_A1,0.936,Un,98,A,C
D,2,D2,PH_A1,1.086,Un,99,A,C
E,2,E2,PH_A1,1.272,Un,100,A,C
F,2,F2,PH_A1,1.227,Un,101,A,C
G,2,G2,PH_A1,1.387,Un,102,A,C
H,2,H2,PH_A1,1.667,Un,103,A,C
A,3,A3,PH_A1,1.033,Un,104,A,C
B,3,B3,PH_A1,1.204,Un,105,A,C
C,3,C3,PH_A1,1.519,Un,106,A,C
D,3,D3,PH_A1,1.553,Un,107,A,C
E,3,E3,PH_A1,1.138,Un,108,A,C
F,3,F3,PH_A1,1.46,Un,109,A,C
G,3,G3,PH_A1,1.46,Un,110,A,C
H,3,H3,PH_A1,1.081,Un,111,A,C
A,4,A4,PH_A1,1.629,Un,112,A,C
B,4,B4,PH_A1,1.566,Un,113,A,C
C,4,C4,PH_A1,1.312,Un,114,A,C
D,4,D4,PH_A1,1.682,Un,115,A,C
E,4,E4,PH_A1,1.196,Un,116,A,C
F,4,F4,PH_A1,1.29,Un,117,A,C
G,4,G4,PH_A1,1.572,Un,118,A,C
H,4,H4,PH_A1,1.016,Un,119,A,C
A,5,A5,PH_A1,1.33,Un,120,A,C
B,5,B5,PH_A1,0.455,Un,121,A,C
C,5,C5,PH_A1,0.739,Un,122,A,C
D,5,D5,PH_A1,0.641,Un,123,A,C
E,5,E5,PH_A1,1.359,Un,124,A,C
F,5,F5,PH_A1,0.414,Un,125,A,C
G,5,G5,PH_A1,0.33,Un,126,A,C
H,5,H5,PH_A1,0.28,Un,127,A,C
A,6,A6,PH_A1,1.388,Un,128,A,C
B,6,B6,PH_A1,1.426,Un,129,A,C
C,6,C6,PH_A1,1.416,Un,130,A,C
D,6,D6,PH_A1,1.493,Un,131,A,C
E,6,E6,PH_A1,1.052,Un,132,A,C
F,6,F6,PH_A1,0.822,Un,133,A,C
G,6,G6,PH_A1,1.438,Un,134,A,C
H,6,H6,PH_A1,1.186,Un,135,A,C
A,7,A7,PH_A1,1.327,Un,136,A,C
B,7,B7,PH_A1,1.057,Un,137,A,C
C,7,C7,PH_A1,1.534,Un,138,A,C
D,7,D7,PH_A1,1.218,Un,139,A,C
E,7,E7,PH_A1,1.224,Un,140,A,C
F,7,F7,PH_A1,1.336,Un,141,A,C
G,7,G7,PH_A1,0.965,Un,142,A,C
H,7,H7,PH_A1,0.941,Un,143,A,C
A,8,A8,PH_A1,0.891,Un,144,A,C
B,8,B8,PH_A1,1.504,Un,145,A,C
C,8,C8,PH_A1,1.381,Un,146,A,C
D,8,D8,PH_A1,1.431,Un,147,A,C
E,8,E8,PH_A1,1.143,Un,148,A,C
F,8,F8,PH_A1,1.027,Un,149,A,C
G,8,G8,PH_A1,0.824,Un,150,A,C
H,8,H8,PH_A1,1.19,Un,151,A,C
A,9,A9,PH_A1,0.741,Un,152,A,C
B,9,B9,PH_A1,1.288,Un,153,A,C
C,9,C9,PH_A1,1.412,Un,154,A,C
D,9,D9,PH_A1,0.996,Un,155,A,C
E,9,E9,PH_A1,0.999,Un,156,A,C
F,9,F9,PH_A1,0.818,Un,157,A,C
G,9,G9,PH_A1,0.937,Un,158,A,C
H,9,H9,PH_A1,0.827,Un,159,A,C
A,10,A10,PH_A1,1.283,Un,160,A,C
B,10,B10,PH_A1,0.856,Un,161,A,C
C,10,C10,PH_A1,1.008,Un,162,A,C
D,10,D10,PH_A1,1.065,Un,163,A,C
E,10,E10,PH_A1,0.877,Un,164,A,C
F,10,F10,PH_A1,0.731,Un,165,A,C
G,10,G10,PH_A1,0.675,Un,166,A,C
H,10,H10,PH_A1,1.057,Un,167,A,C
A,11,A11,PH_A1,0.853,Un,168,A,C
B,11,B11,PH_A1,0.732,Un,169,A,C
C,11,C11,PH_A1,0.762,Un,170,A,C
D,11,D11,PH_A1,0.746,Un,171,A,C
E,11,E11,PH_A1,1.122,Un,172,A,C
F,11,F11,PH_A1,1.336,Un,173,A,C
G,11,G11,PH_A1,1.215,Un,174,A,C
H,11,H11,PH_A1,1.152,Un,175,A,C
A,12,A12,PH_A1,1.26,Un,176,A,C
B,12,B12,PH_A1,1.328,Un,177,A,C
C,12,C12,PH_A1,1.417,Un,178,A,C
D,12,D12,PH_A1,0.955,Un,179,A,C
E,12,E12,PH_A1,1.653,Un,180,A,C
F,12,F12,PH_A1,1.483,Un,181,A,C
G,12,G12,PH_A1,1.557,Un,182,A,C
H,12,H12,PH_A1,1.38,Un,183,A,C
A,1,A1,PH_A2,2.451,Standard,St_A,I,NA
B,1,B1,PH_A2,1.894,Standard,St_B,I,NA
C,1,C1,PH_A2,1.314,Standard,St_C,I,NA
D,1,D1,PH_A2,1.021,Standard,St_D,I,NA
E,1,E1,PH_A2,0.765,Standard,St_E,I,NA
F,1,F1,PH_A2,0.45,Standard,St_F,I,NA
G,1,G1,PH_A2,0.289,Standard,St_G,I,NA
H,1,H1,PH_A2,0.142,Standard,St_H,I,NA
A,2,A2,PH_A2,0.062,Standard,St_I,I,NA
B,2,B2,PH_A2,1.285,Un,97,B,C
C,2,C2,PH_A2,0.853,Un,98,B,C
D,2,D2,PH_A2,1.201,Un,99,B,C
E,2,E2,PH_A2,1.283,Un,100,B,C
F,2,F2,PH_A2,1.262,Un,101,B,C
G,2,G2,PH_A2,1.44,Un,102,B,C
H,2,H2,PH_A2,1.765,Un,103,B,C
A,3,A3,PH_A2,1.011,Un,104,B,C
B,3,B3,PH_A2,1.242,Un,105,B,C
C,3,C3,PH_A2,1.363,Un,106,B,C
D,3,D3,PH_A2,1.299,Un,107,B,C
E,3,E3,PH_A2,1.097,Un,108,B,C
F,3,F3,PH_A2,1.128,Un,109,B,C
G,3,G3,PH_A2,1.237,Un,110,B,C
H,3,H3,PH_A2,1.096,Un,111,B,C
A,4,A4,PH_A2,1.564,Un,112,B,C
B,4,B4,PH_A2,1.542,Un,113,B,C
C,4,C4,PH_A2,1.061,Un,114,B,C
D,4,D4,PH_A2,1.67,Un,115,B,C
E,4,E4,PH_A2,1.203,Un,116,B,C
F,4,F4,PH_A2,1.209,Un,117,B,C
G,4,G4,PH_A2,1.636,Un,118,B,C
H,4,H4,PH_A2,1.099,Un,119,B,C
A,5,A5,PH_A2,1.182,Un,120,B,C
B,5,B5,PH_A2,0.964,Un,121,B,C
C,5,C5,PH_A2,0.855,Un,122,B,C
D,5,D5,PH_A2,0.773,Un,123,B,C
E,5,E5,PH_A2,1.301,Un,124,B,C
F,5,F5,PH_A2,0.993,Un,125,B,C
G,5,G5,PH_A2,1.155,Un,126,B,C
H,5,H5,PH_A2,1.02,Un,127,B,C
A,6,A6,PH_A2,1.421,Un,128,B,C
B,6,B6,PH_A2,1.576,Un,129,B,C
C,6,C6,PH_A2,1.284,Un,130,B,C
D,6,D6,PH_A2,1.466,Un,131,B,C
E,6,E6,PH_A2,1.08,Un,132,B,C
F,6,F6,PH_A2,1.246,Un,133,B,C
G,6,G6,PH_A2,1.483,Un,134,B,C
H,6,H6,PH_A2,1.132,Un,135,B,C
A,7,A7,PH_A2,1.358,Un,136,B,C
B,7,B7,PH_A2,0.996,Un,137,B,C
C,7,C7,PH_A2,1.48,Un,138,B,C
D,7,D7,PH_A2,1.088,Un,139,B,C
E,7,E7,PH_A2,0.936,Un,140,B,C
F,7,F7,PH_A2,1.311,Un,141,B,C
G,7,G7,PH_A2,0.9,Un,142,B,C
H,7,H7,PH_A2,0.993,Un,143,B,C
A,8,A8,PH_A2,0.886,Un,144,B,C
B,8,B8,PH_A2,1.731,Un,145,B,C
C,8,C8,PH_A2,1.308,Un,146,B,C
D,8,D8,PH_A2,1.266,Un,147,B,C
E,8,E8,PH_A2,0.932,Un,148,B,C
F,8,F8,PH_A2,1.014,Un,149,B,C
G,8,G8,PH_A2,0.658,Un,150,B,C
H,8,H8,PH_A2,1.194,Un,151,B,C
A,9,A9,PH_A2,0.782,Un,152,B,C
B,9,B9,PH_A2,1.36,Un,153,B,C
C,9,C9,PH_A2,1.396,Un,154,B,C
D,9,D9,PH_A2,1.039,Un,155,B,C
E,9,E9,PH_A2,1.152,Un,156,B,C
F,9,F9,PH_A2,1.046,Un,157,B,C
G,9,G9,PH_A2,1.051,Un,158,B,C
H,9,H9,PH_A2,0.905,Un,159,B,C
A,10,A10,PH_A2,1.214,Un,160,B,C
B,10,B10,PH_A2,0.853,Un,161,B,C
C,10,C10,PH_A2,0.941,Un,162,B,C
D,10,D10,PH_A2,1.038,Un,163,B,C
E,10,E10,PH_A2,0.666,Un,164,B,C
F,10,F10,PH_A2,0.754,Un,165,B,C
G,10,G10,PH_A2,0.651,Un,166,B,C
H,10,H10,PH_A2,1.058,Un,167,B,C
A,11,A11,PH_A2,0.871,Un,168,B,C
B,11,B11,PH_A2,0.783,Un,169,B,C
C,11,C11,PH_A2,0.761,Un,170,B,C
D,11,D11,PH_A2,0.688,Un,171,B,C
E,11,E11,PH_A2,1.088,Un,172,B,C
F,11,F11,PH_A2,1.2,Un,173,B,C
G,11,G11,PH_A2,1.232,Un,174,B,C
H,11,H11,PH_A2,1.082,Un,175,B,C
A,12,A12,PH_A2,1.185,Un,176,B,C
B,12,B12,PH_A2,1.294,Un,177,B,C
C,12,C12,PH_A2,1.463,Un,178,B,C
D,12,D12,PH_A2,0.917,Un,179,B,C
E,12,E12,PH_A2,1.569,Un,180,B,C
F,12,F12,PH_A2,1.426,Un,181,B,C
G,12,G12,PH_A2,1.412,Un,182,B,C
H,12,H12,PH_A2,1.381,Un,183,B,C
A,1,A1,PH_A3,2.483,Standard,St_A,J,NA
B,1,B1,PH_A3,2.038,Standard,St_B,J,NA
C,1,C1,PH_A3,1.346,Standard,St_C,J,NA
D,1,D1,PH_A3,1.138,Standard,St_D,J,NA
E,1,E1,PH_A3,0.829,Standard,St_E,J,NA
F,1,F1,PH_A3,0.487,Standard,St_F,J,NA
G,1,G1,PH_A3,0.316,Standard,St_G,J,NA
H,1,H1,PH_A3,0.148,Standard,St_H,J,NA
A,2,A2,PH_A3,0.079,Standard,St_I,J,NA
B,2,B2,PH_A3,1.321,Un,97,C,C
C,2,C2,PH_A3,0.901,Un,98,C,C
D,2,D2,PH_A3,1.163,Un,99,C,C
E,2,E2,PH_A3,1.216,Un,100,C,C
F,2,F2,PH_A3,1.034,Un,101,C,C
G,2,G2,PH_A3,1.34,Un,102,C,C
H,2,H2,PH_A3,1.639,Un,103,C,C
A,3,A3,PH_A3,1.012,Un,104,C,C
B,3,B3,PH_A3,1.211,Un,105,C,C
C,3,C3,PH_A3,1.374,Un,106,C,C
D,3,D3,PH_A3,1.532,Un,107,C,C
E,3,E3,PH_A3,1.048,Un,108,C,C
F,3,F3,PH_A3,1.353,Un,109,C,C
G,3,G3,PH_A3,1.293,Un,110,C,C
H,3,H3,PH_A3,1.115,Un,111,C,C
A,4,A4,PH_A3,1.725,Un,112,C,C
B,4,B4,PH_A3,1.559,Un,113,C,C
C,4,C4,PH_A3,1.204,Un,114,C,C
D,4,D4,PH_A3,1.593,Un,115,C,C
E,4,E4,PH_A3,1.252,Un,116,C,C
F,4,F4,PH_A3,1.282,Un,117,C,C
G,4,G4,PH_A3,1.625,Un,118,C,C
H,4,H4,PH_A3,1.08,Un,119,C,C
A,5,A5,PH_A3,1.308,Un,120,C,C
B,5,B5,PH_A3,0.959,Un,121,C,C
C,5,C5,PH_A3,1.142,Un,122,C,C
D,5,D5,PH_A3,0.968,Un,123,C,C
E,5,E5,PH_A3,1.178,Un,124,C,C
F,5,F5,PH_A3,1.106,Un,125,C,C
G,5,G5,PH_A3,1.073,Un,126,C,C
H,5,H5,PH_A3,1.048,Un,127,C,C
A,6,A6,PH_A3,1.527,Un,128,C,C
B,6,B6,PH_A3,1.627,Un,129,C,C
C,6,C6,PH_A3,1.371,Un,130,C,C
D,6,D6,PH_A3,1.427,Un,131,C,C
E,6,E6,PH_A3,1.11,Un,132,C,C
F,6,F6,PH_A3,1.212,Un,133,C,C
G,6,G6,PH_A3,1.443,Un,134,C,C
H,6,H6,PH_A3,1.083,Un,135,C,C
A,7,A7,PH_A3,1.193,Un,136,C,C
B,7,B7,PH_A3,0.956,Un,137,C,C
C,7,C7,PH_A3,1.417,Un,138,C,C
D,7,D7,PH_A3,1.139,Un,139,C,C
E,7,E7,PH_A3,0.919,Un,140,C,C
F,7,F7,PH_A3,1.195,Un,141,C,C
G,7,G7,PH_A3,0.836,Un,142,C,C
H,7,H7,PH_A3,0.989,Un,143,C,C
A,8,A8,PH_A3,0.831,Un,144,C,C
B,8,B8,PH_A3,1.538,Un,145,C,C
C,8,C8,PH_A3,1.366,Un,146,C,C
D,8,D8,PH_A3,1.365,Un,147,C,C
E,8,E8,PH_A3,1.128,Un,148,C,C
F,8,F8,PH_A3,0.936,Un,149,C,C
G,8,G8,PH_A3,0.693,Un,150,C,C
H,8,H8,PH_A3,0.959,Un,151,C,C
A,9,A9,PH_A3,0.749,Un,152,C,C
B,9,B9,PH_A3,1.26,Un,153,C,C
C,9,C9,PH_A3,1.499,Un,154,C,C
D,9,D9,PH_A3,1.075,Un,155,C,C
E,9,E9,PH_A3,1.096,Un,156,C,C
F,9,F9,PH_A3,1.006,Un,157,C,C
G,9,G9,PH_A3,1.073,Un,158,C,C
H,9,H9,PH_A3,0.915,Un,159,C,C
A,10,A10,PH_A3,1.195,Un,160,C,C
B,10,B10,PH_A3,0.852,Un,161,C,C
C,10,C10,PH_A3,0.936,Un,162,C,C
D,10,D10,PH_A3,1.006,Un,163,C,C
E,10,E10,PH_A3,0.759,Un,164,C,C
F,10,F10,PH_A3,0.741,Un,165,C,C
G,10,G10,PH_A3,0.574,Un,166,C,C
H,10,H10,PH_A3,1.046,Un,167,C,C
A,11,A11,PH_A3,0.962,Un,168,C,C
B,11,B11,PH_A3,0.76,Un,169,C,C
C,11,C11,PH_A3,0.78,Un,170,C,C
D,11,D11,PH_A3,0.781,Un,171,C,C
E,11,E11,PH_A3,1.202,Un,172,C,C
F,11,F11,PH_A3,1.302,Un,173,C,C
G,11,G11,PH_A3,1.25,Un,174,C,C
H,11,H11,PH_A3,1.14,Un,175,C,C
A,12,A12,PH_A3,1.314,Un,176,C,C
B,12,B12,PH_A3,1.282,Un,177,C,C
C,12,C12,PH_A3,1.385,Un,178,C,C
D,12,D12,PH_A3,0.987,Un,179,C,C
E,12,E12,PH_A3,1.629,Un,180,C,C
F,12,F12,PH_A3,1.48,Un,181,C,C
G,12,G12,PH_A3,1.562,Un,182,C,C
H,12,H12,PH_A3,1.434,Un,183,C,C
A,1,A1,PH_B1,2.471,Standard,St_A,K,NA
B,1,B1,PH_B1,1.933,Standard,St_B,K,NA
C,1,C1,PH_B1,1.379,Standard,St_C,K,NA
D,1,D1,PH_B1,1.113,Standard,St_D,K,NA
E,1,E1,PH_B1,0.83,Standard,St_E,K,NA
F,1,F1,PH_B1,0.495,Standard,St_F,K,NA
G,1,G1,PH_B1,0.318,Standard,St_G,K,NA
H,1,H1,PH_B1,0.153,Standard,St_H,K,NA
A,2,A2,PH_B1,0.109,Standard,St_I,K,NA
B,2,B2,PH_B1,2.226,Un,184,A,C
C,2,C2,PH_B1,1.502,Un,185,A,C
D,2,D2,PH_B1,1.532,Un,186,A,C
E,2,E2,PH_B1,1.475,Un,187,A,C
F,2,F2,PH_B1,1.475,Un,188,A,C
G,2,G2,PH_B1,0.688,Un,189,A,C
H,2,H2,PH_B1,1.042,Un,190,A,C
A,3,A3,PH_B1,1.215,Un,191,A,C
B,3,B3,PH_B1,0.573,Un,192,A,C
C,3,C3,PH_B1,0.96,Un,193,A,C
D,3,D3,PH_B1,1.131,Un,194,A,C
E,3,E3,PH_B1,0.937,Un,195,A,C
F,3,F3,PH_B1,0.923,Un,196,A,C
G,3,G3,PH_B1,0.998,Un,197,A,C
H,3,H3,PH_B1,1.099,Un,198,A,C
A,4,A4,PH_B1,1.169,Un,199,A,C
B,4,B4,PH_B1,1.109,Un,200,A,C
C,4,C4,PH_B1,1.452,Un,201,A,C
D,4,D4,PH_B1,1.297,Un,202,A,C
E,4,E4,PH_B1,1.064,Un,203,A,C
F,4,F4,PH_B1,1.419,Un,204,A,C
G,4,G4,PH_B1,0.981,Un,205,A,C
H,4,H4,PH_B1,0.824,Un,206,A,C
A,5,A5,PH_B1,1.04,Un,207,A,C
B,5,B5,PH_B1,1.848,Un,208,A,C
C,5,C5,PH_B1,1.149,Un,209,A,C
D,5,D5,PH_B1,1.412,Un,210,A,C
E,5,E5,PH_B1,2.735,Un,211,A,C
F,5,F5,PH_B1,1.854,Un,212,A,C
G,5,G5,PH_B1,1.576,Un,213,A,C
H,5,H5,PH_B1,1.58,Un,214,A,C
A,6,A6,PH_B1,1.257,Un,215,A,C
B,6,B6,PH_B1,1.378,Un,216,A,C
C,6,C6,PH_B1,1,Un,217,A,C
D,6,D6,PH_B1,0.934,Un,218,A,C
E,6,E6,PH_B1,1.24,Un,219,A,C
F,6,F6,PH_B1,1.428,Un,220,A,C
G,6,G6,PH_B1,1.083,Un,221,A,C
H,6,H6,PH_B1,1.337,Un,222,A,C
A,7,A7,PH_B1,1.08,Un,223,A,C
B,7,B7,PH_B1,1.186,Un,224,A,C
C,7,C7,PH_B1,0.849,Un,225,A,C
D,7,D7,PH_B1,1.178,Un,226,A,C
E,7,E7,PH_B1,1.142,Un,227,A,C
F,7,F7,PH_B1,1.217,Un,228,A,C
G,7,G7,PH_B1,0.105,NA,NA,NA,NA
H,7,H7,PH_B1,0.856,Un,230,A,C
A,8,A8,PH_B1,0.912,Un,231,A,C
B,8,B8,PH_B1,0.869,Un,232,A,C
C,8,C8,PH_B1,1.323,Un,233,A,C
D,8,D8,PH_B1,1.158,Un,234,A,C
E,8,E8,PH_B1,1.023,Un,235,A,C
F,8,F8,PH_B1,0.937,Un,236,A,C
G,8,G8,PH_B1,1.053,Un,237,A,C
H,8,H8,PH_B1,1.153,Un,238,A,C
A,9,A9,PH_B1,1.36,Un,239,A,C
B,9,B9,PH_B1,1.221,Un,240,A,C
A,1,A1,PH_B2,2.431,Standard,St_A,L,NA
B,1,B1,PH_B2,1.734,Standard,St_B,L,NA
C,1,C1,PH_B2,1.461,Standard,St_C,L,NA
D,1,D1,PH_B2,1.122,Standard,St_D,L,NA
E,1,E1,PH_B2,0.73,Standard,St_E,L,NA
F,1,F1,PH_B2,0.487,Standard,St_F,L,NA
G,1,G1,PH_B2,0.313,Standard,St_G,L,NA
H,1,H1,PH_B2,0.149,Standard,St_H,L,NA
A,2,A2,PH_B2,0.113,Standard,St_I,L,NA
B,2,B2,PH_B2,2.386,Un,184,B,C
C,2,C2,PH_B2,1.708,Un,185,B,C
D,2,D2,PH_B2,2.309,Un,186,B,C
E,2,E2,PH_B2,2.481,Un,187,B,C
F,2,F2,PH_B2,2.303,Un,188,B,C
G,2,G2,PH_B2,0.646,Un,189,B,C
H,2,H2,PH_B2,1.141,Un,190,B,C
A,3,A3,PH_B2,1.173,Un,191,B,C
B,3,B3,PH_B2,0.584,Un,192,B,C
C,3,C3,PH_B2,1.019,Un,193,B,C
D,3,D3,PH_B2,1.208,Un,194,B,C
E,3,E3,PH_B2,1.062,Un,195,B,C
F,3,F3,PH_B2,1.001,Un,196,B,C
G,3,G3,PH_B2,1.008,Un,197,B,C
H,3,H3,PH_B2,1.11,Un,198,B,C
A,4,A4,PH_B2,1.169,Un,199,B,C
B,4,B4,PH_B2,1.081,Un,200,B,C
C,4,C4,PH_B2,1.486,Un,201,B,C
D,4,D4,PH_B2,1.346,Un,202,B,C
E,4,E4,PH_B2,1.101,Un,203,B,C
F,4,F4,PH_B2,1.478,Un,204,B,C
G,4,G4,PH_B2,1.017,Un,205,B,C
H,4,H4,PH_B2,0.87,Un,206,B,C
A,5,A5,PH_B2,0.954,Un,207,B,C
B,5,B5,PH_B2,1.68,Un,208,B,C
C,5,C5,PH_B2,0.976,Un,209,B,C
D,5,D5,PH_B2,1.272,Un,210,B,C
E,5,E5,PH_B2,1.594,Un,211,B,C
F,5,F5,PH_B2,1.555,Un,212,B,C
G,5,G5,PH_B2,1.359,Un,213,B,C
H,5,H5,PH_B2,1.538,Un,214,B,C
A,6,A6,PH_B2,1.36,Un,215,B,C
B,6,B6,PH_B2,1.505,Un,216,B,C
C,6,C6,PH_B2,1.085,Un,217,B,C
D,6,D6,PH_B2,0.966,Un,218,B,C
E,6,E6,PH_B2,1.305,Un,219,B,C
F,6,F6,PH_B2,1.612,Un,220,B,C
G,6,G6,PH_B2,1.197,Un,221,B,C
H,6,H6,PH_B2,1.436,Un,222,B,C
A,7,A7,PH_B2,1.025,Un,223,B,C
B,7,B7,PH_B2,1.192,Un,224,B,C
C,7,C7,PH_B2,0.834,Un,225,B,C
D,7,D7,PH_B2,1.219,Un,226,B,C
E,7,E7,PH_B2,1.328,Un,227,B,C
F,7,F7,PH_B2,1.217,Un,228,B,C
G,7,G7,PH_B2,0.108,NA,NA,NA,NA
H,7,H7,PH_B2,0.815,Un,230,B,C
A,8,A8,PH_B2,0.963,Un,231,B,C
B,8,B8,PH_B2,0.884,Un,232,B,C
C,8,C8,PH_B2,1.271,Un,233,B,C
D,8,D8,PH_B2,1.254,Un,234,B,C
E,8,E8,PH_B2,1.057,Un,235,B,C
F,8,F8,PH_B2,1,Un,236,B,C
G,8,G8,PH_B2,1.106,Un,237,B,C
H,8,H8,PH_B2,1.201,Un,238,B,C
A,9,A9,PH_B2,1.395,Un,239,B,C
B,9,B9,PH_B2,1.221,Un,240,B,C
A,1,A1,PH_B3,2.604,Standard,St_A,M,NA
B,1,B1,PH_B3,1.979,Standard,St_B,M,NA
C,1,C1,PH_B3,1.628,Standard,St_C,M,NA
D,1,D1,PH_B3,0.947,Standard,St_D,M,NA
E,1,E1,PH_B3,0.827,Standard,St_E,M,NA
F,1,F1,PH_B3,0.451,Standard,St_F,M,NA
G,1,G1,PH_B3,0.317,Standard,St_G,M,NA
H,1,H1,PH_B3,0.149,Standard,St_H,M,NA
A,2,A2,PH_B3,0.112,Standard,St_I,M,NA
B,2,B2,PH_B3,1.992,Un,184,C,C
C,2,C2,PH_B3,1.485,Un,185,C,C
D,2,D2,PH_B3,1.581,Un,186,C,C
E,2,E2,PH_B3,1.267,Un,187,C,C
F,2,F2,PH_B3,1.257,Un,188,C,C
G,2,G2,PH_B3,0.656,Un,189,C,C
H,2,H2,PH_B3,1.028,Un,190,C,C
A,3,A3,PH_B3,1.171,Un,191,C,C
B,3,B3,PH_B3,0.523,Un,192,C,C
C,3,C3,PH_B3,0.939,Un,193,C,C
D,3,D3,PH_B3,1.09,Un,194,C,C
E,3,E3,PH_B3,0.929,Un,195,C,C
F,3,F3,PH_B3,0.942,Un,196,C,C
G,3,G3,PH_B3,1.037,Un,197,C,C
H,3,H3,PH_B3,1.143,Un,198,C,C
A,4,A4,PH_B3,1.213,Un,199,C,C
B,4,B4,PH_B3,1.143,Un,200,C,C
C,4,C4,PH_B3,1.512,Un,201,C,C
D,4,D4,PH_B3,1.375,Un,202,C,C
E,4,E4,PH_B3,1.123,Un,203,C,C
F,4,F4,PH_B3,1.53,Un,204,C,C
G,4,G4,PH_B3,1.063,Un,205,C,C
H,4,H4,PH_B3,0.872,Un,206,C,C
A,5,A5,PH_B3,1.058,Un,207,C,C
B,5,B5,PH_B3,1.738,Un,208,C,C
C,5,C5,PH_B3,1.196,Un,209,C,C
D,5,D5,PH_B3,1.53,Un,210,C,C
E,5,E5,PH_B3,2.029,Un,211,C,C
F,5,F5,PH_B3,1.891,Un,212,C,C
G,5,G5,PH_B3,1.626,Un,213,C,C
H,5,H5,PH_B3,1.566,Un,214,C,C
A,6,A6,PH_B3,1.359,Un,215,C,C
B,6,B6,PH_B3,1.471,Un,216,C,C
C,6,C6,PH_B3,1.075,Un,217,C,C
D,6,D6,PH_B3,1.002,Un,218,C,C
E,6,E6,PH_B3,1.307,Un,219,C,C
F,6,F6,PH_B3,1.521,Un,220,C,C
G,6,G6,PH_B3,1.205,Un,221,C,C
H,6,H6,PH_B3,1.556,Un,222,C,C
A,7,A7,PH_B3,1.052,Un,223,C,C
B,7,B7,PH_B3,1.205,Un,224,C,C
C,7,C7,PH_B3,0.824,Un,225,C,C
D,7,D7,PH_B3,1.194,Un,226,C,C
E,7,E7,PH_B3,1.236,Un,227,C,C
F,7,F7,PH_B3,1.169,Un,228,C,C
G,7,G7,PH_B3,0.106,NA,NA,NA,NA
H,7,H7,PH_B3,0.877,Un,230,C,C
A,8,A8,PH_B3,0.992,Un,231,C,C
B,8,B8,PH_B3,0.921,Un,232,C,C
C,8,C8,PH_B3,1.316,Un,233,C,C
D,8,D8,PH_B3,1.29,Un,234,C,C
E,8,E8,PH_B3,1.072,Un,235,C,C
F,8,F8,PH_B3,1.026,Un,236,C,C
G,8,G8,PH_B3,1.124,Un,237,C,C
H,8,H8,PH_B3,1.232,Un,238,C,C
A,9,A9,PH_B3,1.347,Un,239,C,C
B,9,B9,PH_B3,1.262,Un,240,C,C
A,1,A1,PS_A1,2.546,Standard,St_A,N,NA
B,1,B1,PS_A1,1.94,Standard,St_B,N,NA
C,1,C1,PS_A1,1.373,Standard,St_C,N,NA
D,1,D1,PS_A1,1.083,Standard,St_D,N,NA
E,1,E1,PS_A1,0.81,Standard,St_E,N,NA
F,1,F1,PS_A1,0.482,Standard,St_F,N,NA
G,1,G1,PS_A1,0.3,Standard,St_G,N,NA
H,1,H1,PS_A1,0.146,Standard,St_H,N,NA
A,2,A2,PS_A1,0.105,Standard,St_I,N,NA
B,2,B2,PS_A1,1.525,Un,97,A,S
C,2,C2,PS_A1,0.862,Un,98,A,S
D,2,D2,PS_A1,1.118,Un,99,A,S
E,2,E2,PS_A1,1.312,Un,100,A,S
F,2,F2,PS_A1,1.034,Un,101,A,S
G,2,G2,PS_A1,1.323,Un,102,A,S
H,2,H2,PS_A1,1.637,Un,103,A,S
A,3,A3,PS_A1,0.816,Un,104,A,S
B,3,B3,PS_A1,1.4,Un,105,A,S
C,3,C3,PS_A1,1.139,Un,106,A,S
D,3,D3,PS_A1,1.253,Un,107,A,S
E,3,E3,PS_A1,1.179,Un,108,A,S
F,3,F3,PS_A1,1.121,Un,109,A,S
G,3,G3,PS_A1,1.25,Un,110,A,S
H,3,H3,PS_A1,0.948,Un,111,A,S
A,4,A4,PS_A1,1.598,Un,112,A,S
B,4,B4,PS_A1,1.528,Un,113,A,S
C,4,C4,PS_A1,1.744,Un,114,A,S
D,4,D4,PS_A1,2.416,Un,115,A,S
E,4,E4,PS_A1,1.594,Un,116,A,S
F,4,F4,PS_A1,1.527,Un,117,A,S
G,4,G4,PS_A1,1.793,Un,118,A,S
H,4,H4,PS_A1,1.001,Un,119,A,S
A,5,A5,PS_A1,1.623,Un,120,A,S
B,5,B5,PS_A1,1.098,Un,121,A,S
C,5,C5,PS_A1,1.28,Un,122,A,S
D,5,D5,PS_A1,0.955,Un,123,A,S
E,5,E5,PS_A1,1.216,Un,124,A,S
F,5,F5,PS_A1,1.013,Un,125,A,S
G,5,G5,PS_A1,1.159,Un,126,A,S
H,5,H5,PS_A1,0.826,Un,127,A,S
A,6,A6,PS_A1,1.889,Un,128,A,S
B,6,B6,PS_A1,2.086,Un,129,A,S
C,6,C6,PS_A1,1.25,Un,130,A,S
D,6,D6,PS_A1,1.174,Un,131,A,S
E,6,E6,PS_A1,1.394,Un,132,A,S
F,6,F6,PS_A1,1.202,Un,133,A,S
G,6,G6,PS_A1,1.241,Un,134,A,S
H,6,H6,PS_A1,1.022,Un,135,A,S
A,7,A7,PS_A1,1.24,Un,136,A,S
B,7,B7,PS_A1,1.107,Un,137,A,S
C,7,C7,PS_A1,1.269,Un,138,A,S
D,7,D7,PS_A1,1.17,Un,139,A,S
E,7,E7,PS_A1,1.123,Un,140,A,S
F,7,F7,PS_A1,1.162,Un,141,A,S
G,7,G7,PS_A1,0.985,Un,142,A,S
H,7,H7,PS_A1,1.014,Un,143,A,S
A,8,A8,PS_A1,0.823,Un,144,A,S
B,8,B8,PS_A1,1.803,Un,145,A,S
C,8,C8,PS_A1,1.498,Un,146,A,S
D,8,D8,PS_A1,1.554,Un,147,A,S
E,8,E8,PS_A1,0.933,Un,148,A,S
F,8,F8,PS_A1,1.032,Un,149,A,S
G,8,G8,PS_A1,0.88,Un,150,A,S
H,8,H8,PS_A1,1.15,Un,151,A,S
A,9,A9,PS_A1,0.856,Un,152,A,S
B,9,B9,PS_A1,1.65,Un,153,A,S
C,9,C9,PS_A1,1.801,Un,154,A,S
D,9,D9,PS_A1,1.332,Un,155,A,S
E,9,E9,PS_A1,1.101,Un,156,A,S
F,9,F9,PS_A1,1.101,Un,157,A,S
G,9,G9,PS_A1,1.013,Un,158,A,S
H,9,H9,PS_A1,0.783,Un,159,A,S
A,10,A10,PS_A1,1.235,Un,160,A,S
B,10,B10,PS_A1,0.804,Un,161,A,S
C,10,C10,PS_A1,1.161,Un,162,A,S
D,10,D10,PS_A1,1.249,Un,163,A,S
E,10,E10,PS_A1,0.833,Un,164,A,S
F,10,F10,PS_A1,0.757,Un,165,A,S
G,10,G10,PS_A1,0.781,Un,166,A,S
H,10,H10,PS_A1,1.087,Un,167,A,S
A,11,A11,PS_A1,0.946,Un,168,A,S
B,11,B11,PS_A1,0.862,Un,169,A,S
C,11,C11,PS_A1,0.866,Un,170,A,S
D,11,D11,PS_A1,0.839,Un,171,A,S
E,11,E11,PS_A1,1.171,Un,172,A,S
F,11,F11,PS_A1,1.33,Un,173,A,S
G,11,G11,PS_A1,1.409,Un,174,A,S
H,11,H11,PS_A1,1.068,Un,175,A,S
A,12,A12,PS_A1,1.243,Un,176,A,S
B,12,B12,PS_A1,1.249,Un,177,A,S
C,12,C12,PS_A1,1.267,Un,178,A,S
D,12,D12,PS_A1,1.072,Un,179,A,S
E,12,E12,PS_A1,1.707,Un,180,A,S
F,12,F12,PS_A1,1.366,Un,181,A,S
G,12,G12,PS_A1,1.38,Un,182,A,S
H,12,H12,PS_A1,1.253,Un,183,A,S
A,1,A1,PS_A2,2.546,Standard,St_A,O,NA
B,1,B1,PS_A2,2.013,Standard,St_B,O,NA
C,1,C1,PS_A2,1.4,Standard,St_C,O,NA
D,1,D1,PS_A2,1.101,Standard,St_D,O,NA
E,1,E1,PS_A2,0.798,Standard,St_E,O,NA
F,1,F1,PS_A2,0.505,Standard,St_F,O,NA
G,1,G1,PS_A2,0.312,Standard,St_G,O,NA
H,1,H1,PS_A2,0.151,Standard,St_H,O,NA
A,2,A2,PS_A2,0.105,Standard,St_I,O,NA
B,2,B2,PS_A2,1.559,Un,97,B,S
C,2,C2,PS_A2,0.908,Un,98,B,S
D,2,D2,PS_A2,1.143,Un,99,B,S
E,2,E2,PS_A2,1.269,Un,100,B,S
F,2,F2,PS_A2,1.051,Un,101,B,S
G,2,G2,PS_A2,1.479,Un,102,B,S
H,2,H2,PS_A2,1.854,Un,103,B,S
A,3,A3,PS_A2,0.906,Un,104,B,S
B,3,B3,PS_A2,1.479,Un,105,B,S
C,3,C3,PS_A2,1.265,Un,106,B,S
D,3,D3,PS_A2,1.369,Un,107,B,S
E,3,E3,PS_A2,1.156,Un,108,B,S
F,3,F3,PS_A2,1.207,Un,109,B,S
G,3,G3,PS_A2,1.374,Un,110,B,S
H,3,H3,PS_A2,1.045,Un,111,B,S
A,4,A4,PS_A2,1.564,Un,112,B,S
B,4,B4,PS_A2,1.513,Un,113,B,S
C,4,C4,PS_A2,1.642,Un,114,B,S
D,4,D4,PS_A2,2.266,Un,115,B,S
E,4,E4,PS_A2,1.468,Un,116,B,S
F,4,F4,PS_A2,1.294,Un,117,B,S
G,4,G4,PS_A2,1.927,Un,118,B,S
H,4,H4,PS_A2,1.12,Un,119,B,S
A,5,A5,PS_A2,1.291,Un,120,B,S
B,5,B5,PS_A2,0.935,Un,121,B,S
C,5,C5,PS_A2,1.167,Un,122,B,S
D,5,D5,PS_A2,0.873,Un,123,B,S
E,5,E5,PS_A2,1.247,Un,124,B,S
F,5,F5,PS_A2,1.087,Un,125,B,S
G,5,G5,PS_A2,1.164,Un,126,B,S
H,5,H5,PS_A2,0.835,Un,127,B,S
A,6,A6,PS_A2,1.604,Un,128,B,S
B,6,B6,PS_A2,1.489,Un,129,B,S
C,6,C6,PS_A2,1.074,Un,130,B,S
D,6,D6,PS_A2,1.247,Un,131,B,S
E,6,E6,PS_A2,1.281,Un,132,B,S
F,6,F6,PS_A2,1.417,Un,133,B,S
G,6,G6,PS_A2,1.187,Un,134,B,S
H,6,H6,PS_A2,1.051,Un,135,B,S
A,7,A7,PS_A2,1.396,Un,136,B,S
B,7,B7,PS_A2,1.058,Un,137,B,S
C,7,C7,PS_A2,1.362,Un,138,B,S
D,7,D7,PS_A2,1.121,Un,139,B,S
E,7,E7,PS_A2,1.34,Un,140,B,S
F,7,F7,PS_A2,1.207,Un,141,B,S
G,7,G7,PS_A2,1.094,Un,142,B,S
H,7,H7,PS_A2,1.049,Un,143,B,S
A,8,A8,PS_A2,0.93,Un,144,B,S
B,8,B8,PS_A2,1.854,Un,145,B,S
C,8,C8,PS_A2,1.655,Un,146,B,S
D,8,D8,PS_A2,1.571,Un,147,B,S
E,8,E8,PS_A2,0.958,Un,148,B,S
F,8,F8,PS_A2,1.073,Un,149,B,S
G,8,G8,PS_A2,0.925,Un,150,B,S
H,8,H8,PS_A2,1.186,Un,151,B,S
A,9,A9,PS_A2,0.897,Un,152,B,S
B,9,B9,PS_A2,1.532,Un,153,B,S
C,9,C9,PS_A2,1.791,Un,154,B,S
D,9,D9,PS_A2,1.333,Un,155,B,S
E,9,E9,PS_A2,1.226,Un,156,B,S
F,9,F9,PS_A2,1.189,Un,157,B,S
G,9,G9,PS_A2,1.101,Un,158,B,S
H,9,H9,PS_A2,0.897,Un,159,B,S
A,10,A10,PS_A2,1.192,Un,160,B,S
B,10,B10,PS_A2,0.822,Un,161,B,S
C,10,C10,PS_A2,1.15,Un,162,B,S
D,10,D10,PS_A2,1.319,Un,163,B,S
E,10,E10,PS_A2,0.861,Un,164,B,S
F,10,F10,PS_A2,0.798,Un,165,B,S
G,10,G10,PS_A2,0.808,Un,166,B,S
H,10,H10,PS_A2,1.165,Un,167,B,S
A,11,A11,PS_A2,0.973,Un,168,B,S
B,11,B11,PS_A2,0.927,Un,169,B,S
C,11,C11,PS_A2,0.948,Un,170,B,S
D,11,D11,PS_A2,0.856,Un,171,B,S
E,11,E11,PS_A2,1.264,Un,172,B,S
F,11,F11,PS_A2,1.319,Un,173,B,S
G,11,G11,PS_A2,1.447,Un,174,B,S
H,11,H11,PS_A2,0.947,Un,175,B,S
A,12,A12,PS_A2,1.246,Un,176,B,S
B,12,B12,PS_A2,1.314,Un,177,B,S
C,12,C12,PS_A2,1.377,Un,178,B,S
D,12,D12,PS_A2,1.134,Un,179,B,S
E,12,E12,PS_A2,1.812,Un,180,B,S
F,12,F12,PS_A2,1.381,Un,181,B,S
G,12,G12,PS_A2,1.553,Un,182,B,S
H,12,H12,PS_A2,1.174,Un,183,B,S
A,1,A1,PS_A3,2.682,Standard,St_A,P,NA
B,1,B1,PS_A3,2.021,Standard,St_B,P,NA
C,1,C1,PS_A3,1.473,Standard,St_C,P,NA
D,1,D1,PS_A3,1.145,Standard,St_D,P,NA
E,1,E1,PS_A3,0.852,Standard,St_E,P,NA
F,1,F1,PS_A3,0.511,Standard,St_F,P,NA
G,1,G1,PS_A3,0.325,Standard,St_G,P,NA
H,1,H1,PS_A3,0.158,Standard,St_H,P,NA
A,2,A2,PS_A3,0.106,Standard,St_I,P,NA
B,2,B2,PS_A3,1.49,Un,97,C,S
C,2,C2,PS_A3,0.871,Un,98,C,S
D,2,D2,PS_A3,1.095,Un,99,C,S
E,2,E2,PS_A3,1.302,Un,100,C,S
F,2,F2,PS_A3,0.958,Un,101,C,S
G,2,G2,PS_A3,1.427,Un,102,C,S
H,2,H2,PS_A3,1.768,Un,103,C,S
A,3,A3,PS_A3,0.829,Un,104,C,S
B,3,B3,PS_A3,1.222,Un,105,C,S
C,3,C3,PS_A3,1.05,Un,106,C,S
D,3,D3,PS_A3,1.244,Un,107,C,S
E,3,E3,PS_A3,1.115,Un,108,C,S
F,3,F3,PS_A3,1.022,Un,109,C,S
G,3,G3,PS_A3,1.168,Un,110,C,S
H,3,H3,PS_A3,0.828,Un,111,C,S
A,4,A4,PS_A3,1.364,Un,112,C,S
B,4,B4,PS_A3,1.289,Un,113,C,S
C,4,C4,PS_A3,1.398,Un,114,C,S
D,4,D4,PS_A3,2.007,Un,115,C,S
E,4,E4,PS_A3,1.318,Un,116,C,S
F,4,F4,PS_A3,1.144,Un,117,C,S
G,4,G4,PS_A3,1.594,Un,118,C,S
H,4,H4,PS_A3,0.952,Un,119,C,S
A,5,A5,PS_A3,1.247,Un,120,C,S
B,5,B5,PS_A3,0.951,Un,121,C,S
C,5,C5,PS_A3,1.179,Un,122,C,S
D,5,D5,PS_A3,0.87,Un,123,C,S
E,5,E5,PS_A3,1.263,Un,124,C,S
F,5,F5,PS_A3,1.056,Un,125,C,S
G,5,G5,PS_A3,1.101,Un,126,C,S
H,5,H5,PS_A3,0.728,Un,127,C,S
A,6,A6,PS_A3,1.378,Un,128,C,S
B,6,B6,PS_A3,1.312,Un,129,C,S
C,6,C6,PS_A3,1.059,Un,130,C,S
D,6,D6,PS_A3,1.232,Un,131,C,S
E,6,E6,PS_A3,1.29,Un,132,C,S
F,6,F6,PS_A3,1.24,Un,133,C,S
G,6,G6,PS_A3,1.13,Un,134,C,S
H,6,H6,PS_A3,1.032,Un,135,C,S
A,7,A7,PS_A3,1.452,Un,136,C,S
B,7,B7,PS_A3,0.959,Un,137,C,S
C,7,C7,PS_A3,1.253,Un,138,C,S
D,7,D7,PS_A3,1.145,Un,139,C,S
E,7,E7,PS_A3,1.218,Un,140,C,S
F,7,F7,PS_A3,1.202,Un,141,C,S
G,7,G7,PS_A3,1.086,Un,142,C,S
H,7,H7,PS_A3,1.11,Un,143,C,S
A,8,A8,PS_A3,0.846,Un,144,C,S
B,8,B8,PS_A3,1.649,Un,145,C,S
C,8,C8,PS_A3,1.459,Un,146,C,S
D,8,D8,PS_A3,1.488,Un,147,C,S
E,8,E8,PS_A3,0.925,Un,148,C,S
F,8,F8,PS_A3,1.059,Un,149,C,S
G,8,G8,PS_A3,0.852,Un,150,C,S
H,8,H8,PS_A3,1.263,Un,151,C,S
A,9,A9,PS_A3,0.972,Un,152,C,S
B,9,B9,PS_A3,1.508,Un,153,C,S
C,9,C9,PS_A3,1.738,Un,154,C,S
D,9,D9,PS_A3,1.211,Un,155,C,S
E,9,E9,PS_A3,1.223,Un,156,C,S
F,9,F9,PS_A3,1.122,Un,157,C,S
G,9,G9,PS_A3,1.081,Un,158,C,S
H,9,H9,PS_A3,0.961,Un,159,C,S
A,10,A10,PS_A3,1.291,Un,160,C,S
B,10,B10,PS_A3,0.686,Un,161,C,S
C,10,C10,PS_A3,1.114,Un,162,C,S
D,10,D10,PS_A3,1.138,Un,163,C,S
E,10,E10,PS_A3,0.784,Un,164,C,S
F,10,F10,PS_A3,0.778,Un,165,C,S
G,10,G10,PS_A3,0.813,Un,166,C,S
H,10,H10,PS_A3,1.171,Un,167,C,S
A,11,A11,PS_A3,0.875,Un,168,C,S
B,11,B11,PS_A3,0.765,Un,169,C,S
C,11,C11,PS_A3,0.767,Un,170,C,S
D,11,D11,PS_A3,0.824,Un,171,C,S
E,11,E11,PS_A3,0.992,Un,172,C,S
F,11,F11,PS_A3,1.301,Un,173,C,S
G,11,G11,PS_A3,1.303,Un,174,C,S
H,11,H11,PS_A3,0.967,Un,175,C,S
A,12,A12,PS_A3,1.014,Un,176,C,S
B,12,B12,PS_A3,1.238,Un,177,C,S
C,12,C12,PS_A3,1.261,Un,178,C,S
D,12,D12,PS_A3,0.989,Un,179,C,S
E,12,E12,PS_A3,1.747,Un,180,C,S
F,12,F12,PS_A3,1.431,Un,181,C,S
G,12,G12,PS_A3,1.407,Un,182,C,S
H,12,H12,PS_A3,1.304,Un,183,C,S
A,1,A1,PS_B1,2.311,Standard,St_A,Q,NA
B,1,B1,PS_B1,1.846,Standard,St_B,Q,NA
C,1,C1,PS_B1,1.321,Standard,St_C,Q,NA
D,1,D1,PS_B1,0.994,Standard,St_D,Q,NA
E,1,E1,PS_B1,0.725,Standard,St_E,Q,NA
F,1,F1,PS_B1,0.443,Standard,St_F,Q,NA
G,1,G1,PS_B1,0.288,Standard,St_G,Q,NA
H,1,H1,PS_B1,0.153,Standard,St_H,Q,NA
A,2,A2,PS_B1,0.11,Standard,St_I,Q,NA
B,2,B2,PS_B1,1.789,Un,184,A,S
C,2,C2,PS_B1,1.368,Un,185,A,S
D,2,D2,PS_B1,1.313,Un,186,A,S
E,2,E2,PS_B1,1.081,Un,187,A,S
F,2,F2,PS_B1,1.236,Un,188,A,S
G,2,G2,PS_B1,0.767,Un,189,A,S
H,2,H2,PS_B1,1.282,Un,190,A,S
A,3,A3,PS_B1,1.294,Un,191,A,S
B,3,B3,PS_B1,0.752,Un,192,A,S
C,3,C3,PS_B1,1.086,Un,193,A,S
D,3,D3,PS_B1,0.933,Un,194,A,S
E,3,E3,PS_B1,1.25,Un,195,A,S
F,3,F3,PS_B1,1.093,Un,196,A,S
G,3,G3,PS_B1,1.121,Un,197,A,S
H,3,H3,PS_B1,0.96,Un,198,A,S
A,4,A4,PS_B1,0.839,Un,199,A,S
B,4,B4,PS_B1,0.926,Un,200,A,S
C,4,C4,PS_B1,1.119,Un,201,A,S
D,4,D4,PS_B1,1.059,Un,202,A,S
E,4,E4,PS_B1,0.819,Un,203,A,S
F,4,F4,PS_B1,1.252,Un,204,A,S
G,4,G4,PS_B1,0.944,Un,205,A,S
H,4,H4,PS_B1,0.73,Un,206,A,S
A,5,A5,PS_B1,0.916,Un,207,A,S
B,5,B5,PS_B1,1.38,Un,208,A,S
C,5,C5,PS_B1,1.028,Un,209,A,S
D,5,D5,PS_B1,1.325,Un,210,A,S
E,5,E5,PS_B1,1.834,Un,211,A,S
F,5,F5,PS_B1,1.817,Un,212,A,S
G,5,G5,PS_B1,1.614,Un,213,A,S
H,5,H5,PS_B1,1.324,Un,214,A,S
A,6,A6,PS_B1,1.1,Un,215,A,S
B,6,B6,PS_B1,1.381,Un,216,A,S
C,6,C6,PS_B1,0.884,Un,217,A,S
D,6,D6,PS_B1,0.91,Un,218,A,S
E,6,E6,PS_B1,1.159,Un,219,A,S
F,6,F6,PS_B1,1.392,Un,220,A,S
G,6,G6,PS_B1,1.063,Un,221,A,S
H,6,H6,PS_B1,1.33,Un,222,A,S
A,7,A7,PS_B1,0.848,Un,223,A,S
B,7,B7,PS_B1,1.003,Un,224,A,S
C,7,C7,PS_B1,0.845,Un,225,A,S
D,7,D7,PS_B1,1.042,Un,226,A,S
E,7,E7,PS_B1,1.324,Un,227,A,S
F,7,F7,PS_B1,1.267,Un,228,A,S
G,7,G7,PS_B1,0.827,Un,229,A,S
H,7,H7,PS_B1,1.109,Un,230,A,S
A,8,A8,PS_B1,0.935,Un,231,A,S
B,8,B8,PS_B1,0.953,Un,232,A,S
C,8,C8,PS_B1,1.269,Un,233,A,S
D,8,D8,PS_B1,1.328,Un,234,A,S
E,8,E8,PS_B1,1.037,Un,235,A,S
F,8,F8,PS_B1,1.006,Un,236,A,S
G,8,G8,PS_B1,1.187,Un,237,A,S
H,8,H8,PS_B1,1.348,Un,238,A,S
A,9,A9,PS_B1,1.458,Un,239,A,S
B,9,B9,PS_B1,1.314,Un,240,A,S
A,1,A1,PS_B2,2.566,Standard,St_A,R,NA
B,1,B1,PS_B2,1.993,Standard,St_B,R,NA
C,1,C1,PS_B2,1.402,Standard,St_C,R,NA
D,1,D1,PS_B2,1.122,Standard,St_D,R,NA
E,1,E1,PS_B2,0.83,Standard,St_E,R,NA
F,1,F1,PS_B2,0.496,Standard,St_F,R,NA
G,1,G1,PS_B2,0.314,Standard,St_G,R,NA
H,1,H1,PS_B2,0.15,Standard,St_H,R,NA
A,2,A2,PS_B2,0.107,Standard,St_I,R,NA
B,2,B2,PS_B2,2.093,Un,184,B,S
C,2,C2,PS_B2,1.363,Un,185,B,S
D,2,D2,PS_B2,1.308,Un,186,B,S
E,2,E2,PS_B2,1.001,Un,187,B,S
F,2,F2,PS_B2,1.234,Un,188,B,S
G,2,G2,PS_B2,0.808,Un,189,B,S
H,2,H2,PS_B2,1.35,Un,190,B,S
A,3,A3,PS_B2,1.221,Un,191,B,S
B,3,B3,PS_B2,0.758,Un,192,B,S
C,3,C3,PS_B2,1.197,Un,193,B,S
D,3,D3,PS_B2,1.052,Un,194,B,S
E,3,E3,PS_B2,1.241,Un,195,B,S
F,3,F3,PS_B2,1.099,Un,196,B,S
G,3,G3,PS_B2,0.993,Un,197,B,S
H,3,H3,PS_B2,0.907,Un,198,B,S
A,4,A4,PS_B2,0.889,Un,199,B,S
B,4,B4,PS_B2,0.942,Un,200,B,S
C,4,C4,PS_B2,1.217,Un,201,B,S
D,4,D4,PS_B2,1.169,Un,202,B,S
E,4,E4,PS_B2,0.894,Un,203,B,S
F,4,F4,PS_B2,1.323,Un,204,B,S
G,4,G4,PS_B2,1.046,Un,205,B,S
H,4,H4,PS_B2,0.731,Un,206,B,S
A,5,A5,PS_B2,0.924,Un,207,B,S
B,5,B5,PS_B2,1.511,Un,208,B,S
C,5,C5,PS_B2,1.056,Un,209,B,S
D,5,D5,PS_B2,1.4,Un,210,B,S
E,5,E5,PS_B2,1.926,Un,211,B,S
F,5,F5,PS_B2,1.88,Un,212,B,S
G,5,G5,PS_B2,1.758,Un,213,B,S
H,5,H5,PS_B2,1.372,Un,214,B,S
A,6,A6,PS_B2,1.07,Un,215,B,S
B,6,B6,PS_B2,1.345,Un,216,B,S
C,6,C6,PS_B2,0.94,Un,217,B,S
D,6,D6,PS_B2,0.993,Un,218,B,S
E,6,E6,PS_B2,1.306,Un,219,B,S
F,6,F6,PS_B2,1.418,Un,220,B,S
G,6,G6,PS_B2,1.144,Un,221,B,S
H,6,H6,PS_B2,1.39,Un,222,B,S
A,7,A7,PS_B2,0.801,Un,223,B,S
B,7,B7,PS_B2,0.956,Un,224,B,S
C,7,C7,PS_B2,0.88,Un,225,B,S
D,7,D7,PS_B2,1.077,Un,226,B,S
E,7,E7,PS_B2,1.333,Un,227,B,S
F,7,F7,PS_B2,1.284,Un,228,B,S
G,7,G7,PS_B2,0.885,Un,229,B,S
H,7,H7,PS_B2,1.112,Un,230,B,S
A,8,A8,PS_B2,0.853,Un,231,B,S
B,8,B8,PS_B2,1.001,Un,232,B,S
C,8,C8,PS_B2,1.331,Un,233,B,S
D,8,D8,PS_B2,1.321,Un,234,B,S
E,8,E8,PS_B2,1.078,Un,235,B,S
F,8,F8,PS_B2,1.075,Un,236,B,S
G,8,G8,PS_B2,1.27,Un,237,B,S
H,8,H8,PS_B2,1.438,Un,238,B,S
A,9,A9,PS_B2,1.376,Un,239,B,S
B,9,B9,PS_B2,1.185,Un,240,B,S
A,1,A1,PS_B3,2.66,Standard,St_A,S,NA
B,1,B1,PS_B3,1.95,Standard,St_B,S,NA
C,1,C1,PS_B3,1.444,Standard,St_C,S,NA
D,1,D1,PS_B3,1.119,Standard,St_D,S,NA
E,1,E1,PS_B3,0.859,Standard,St_E,S,NA
F,1,F1,PS_B3,0.509,Standard,St_F,S,NA
G,1,G1,PS_B3,0.318,Standard,St_G,S,NA
H,1,H1,PS_B3,0.151,Standard,St_H,S,NA
A,2,A2,PS_B3,0.106,Standard,St_I,S,NA
B,2,B2,PS_B3,2.043,Un,184,C,S
C,2,C2,PS_B3,1.452,Un,185,C,S
D,2,D2,PS_B3,1.483,Un,186,C,S
E,2,E2,PS_B3,1.129,Un,187,C,S
F,2,F2,PS_B3,1.33,Un,188,C,S
G,2,G2,PS_B3,0.845,Un,189,C,S
H,2,H2,PS_B3,1.317,Un,190,C,S
A,3,A3,PS_B3,1.243,Un,191,C,S
B,3,B3,PS_B3,0.744,Un,192,C,S
C,3,C3,PS_B3,1.08,Un,193,C,S
D,3,D3,PS_B3,0.835,Un,194,C,S
E,3,E3,PS_B3,1.21,Un,195,C,S
F,3,F3,PS_B3,1.096,Un,196,C,S
G,3,G3,PS_B3,0.935,Un,197,C,S
H,3,H3,PS_B3,0.924,Un,198,C,S
A,4,A4,PS_B3,0.92,Un,199,C,S
B,4,B4,PS_B3,0.918,Un,200,C,S
C,4,C4,PS_B3,1.157,Un,201,C,S
D,4,D4,PS_B3,1.121,Un,202,C,S
E,4,E4,PS_B3,0.897,Un,203,C,S
F,4,F4,PS_B3,1.337,Un,204,C,S
G,4,G4,PS_B3,1.038,Un,205,C,S
H,4,H4,PS_B3,0.726,Un,206,C,S
A,5,A5,PS_B3,0.939,Un,207,C,S
B,5,B5,PS_B3,1.468,Un,208,C,S
C,5,C5,PS_B3,1.038,Un,209,C,S
D,5,D5,PS_B3,1.274,Un,210,C,S
E,5,E5,PS_B3,1.853,Un,211,C,S
F,5,F5,PS_B3,1.861,Un,212,C,S
G,5,G5,PS_B3,1.647,Un,213,C,S
H,5,H5,PS_B3,1.342,Un,214,C,S
A,6,A6,PS_B3,1.144,Un,215,C,S
B,6,B6,PS_B3,1.408,Un,216,C,S
C,6,C6,PS_B3,0.9,Un,217,C,S
D,6,D6,PS_B3,0.945,Un,218,C,S
E,6,E6,PS_B3,1.206,Un,219,C,S
F,6,F6,PS_B3,1.415,Un,220,C,S
G,6,G6,PS_B3,1.036,Un,221,C,S
H,6,H6,PS_B3,1.349,Un,222,C,S
A,7,A7,PS_B3,0.826,Un,223,C,S
B,7,B7,PS_B3,0.942,Un,224,C,S
C,7,C7,PS_B3,0.795,Un,225,C,S
D,7,D7,PS_B3,1.024,Un,226,C,S
E,7,E7,PS_B3,1.302,Un,227,C,S
F,7,F7,PS_B3,1.25,Un,228,C,S
G,7,G7,PS_B3,0.855,Un,229,C,S
H,7,H7,PS_B3,1.093,Un,230,C,S
A,8,A8,PS_B3,0.913,Un,231,C,S
B,8,B8,PS_B3,0.932,Un,232,C,S
C,8,C8,PS_B3,1.34,Un,233,C,S
D,8,D8,PS_B3,1.312,Un,234,C,S
E,8,E8,PS_B3,1.059,Un,235,C,S
F,8,F8,PS_B3,0.98,Un,236,C,S
G,8,G8,PS_B3,1.226,Un,237,C,S
H,8,H8,PS_B3,1.4,Un,238,C,S
A,9,A9,PS_B3,1.439,Un,239,C,S
B,9,B9,PS_B3,0.985,Un,240,C,S
