RandN,ID,TimeP,Site,Genotype,Treat,Treatment,Orig,Origin,Vol_ml,Wax.I_g,Wax.F_g
1,S10_N_12,M1,SS,AC10,M,Main,N,Native,30,3.588,4.266
2,K10_N_12,M1,KL,AC10,M,Main,N,Native,13.1,3.377,3.661
3,K10_T_11,M1,KL,AC10,M,Main,T,Transplant,12,2.284,2.632
4,K12_T_10,M1,KL,AC12,M,Main,T,Transplant,14,1.784,2.229
5,S8_T_9,M1,SS,AC8,M,Main,T,Transplant,10,4.894,5.45
6,K8_N_9,M1,KL,AC8,M,Main,N,Native,10.9,1.654,2.039
7,S8_N_11,M1,SS,AC8,M,Main,N,Native,15,2.179,2.517
8,K8_T_10,M1,KL,AC8,M,Main,T,Transplant,15,2.949,3.526
9,S8_T_11,M1,SS,AC8,M,Main,T,Transplant,15,2.41,2.78
10,S10_T_10,M1,SS,AC10,M,Main,T,Transplant,8.4,1.85,2.159
11,S8_T_10,M1,SS,AC8,M,Main,T,Transplant,13,2.357,2.828
12,S10_N_10,M1,SS,AC10,M,Main,N,Native,10.5,5.418,5.82
13,S10_N_9,M1,SS,AC10,M,Main,N,Native,10.3,3.881,4.249
14,S12_T_10,M1,SS,AC12,M,Main,T,Transplant,11,2.305,2.62
15,S12_N_12,M1,SS,AC12,M,Main,N,Native,9.4,1.763,2.007
16,S10_T_11,M1,SS,AC10,M,Main,T,Transplant,9.1,4.934,5.343
17,K10_T_10,M1,KL,AC10,M,Main,T,Transplant,9.2,5.871,6.406
18,S10_T_9,M1,SS,AC10,M,Main,T,Transplant,8.7,2.867,3.234
19,K12_N_10,M1,KL,AC12,M,Main,N,Native,10.4,1.861,2.264
20,S12_N_11,M1,SS,AC12,M,Main,N,Native,11,7.249,8.008
21,K12_T_12,M1,KL,AC12,M,Main,T,Transplant,11,2.283,2.857
22,K10_N_11,M1,KL,AC10,M,Main,N,Native,14.1,6.109,6.721
23,S8_T_12,M1,SS,AC8,M,Main,T,Transplant,10.1,6.074,6.541
24,S8_N_10,M1,SS,AC8,M,Main,N,Native,9.9,2.418,2.794
25,S12_T_9,M1,SS,AC12,M,Main,T,Transplant,11,1.273,1.521
26,S12_N_9,M1,SS,AC12,M,Main,N,Native,10.3,4.403,4.902
27,S12_N_10,M1,SS,AC12,M,Main,N,Native,14.2,7.703,8.652
28,K12_T_11,M1,KL,AC12,M,Main,T,Transplant,11.5,4.298,5.152
29,S12_T_12,M1,SS,AC12,M,Main,T,Transplant,9.6,3.989,4.3
30,S12_T_11,M1,SS,AC12,M,Main,T,Transplant,9.1,3.132,3.496
31,K8_N_11,M1,KL,AC8,M,Main,N,Native,9.5,2.007,2.422
32,K10_T_12,M1,KL,AC10,M,Main,T,Transplant,8.4,5.78,6.282
33,S8_N_9,M1,SS,AC8,M,Main,N,Native,9.9,2.959,3.368
34,K10_N_9,M1,KL,AC10,M,Main,N,Native,9.3,1.6,1.916
35,K12_N_11,M1,KL,AC12,M,Main,N,Native,9.9,3.912,4.551
36,S10_N_11,M1,SS,AC10,M,Main,N,Native,10,3.431,3.789
37,K8_N_10,M1,KL,AC8,M,Main,N,Native,12,1.724,2.232
38,K8_T_11,M1,KL,AC8,M,Main,T,Transplant,12.5,2.428,2.979
39,K8_N_12,M1,KL,AC8,M,Main,N,Native,14.8,1.182,1.479
40,K10_N_10,M1,KL,AC10,M,Main,N,Native,11.7,5.784,6.373
41,K10_T_9,M1,KL,AC10,M,Main,T,Transplant,12,6.21,6.77
42,K8_T_12,M1,KL,AC8,M,Main,T,Transplant,11.6,1.723,2.18
43,K12_N_9,M1,KL,AC12,M,Main,N,Native,11.5,2.874,3.376
44,K8_T_9,M1,KL,AC8,M,Main,T,Transplant,10.4,2.348,2.924
45,S8_N_12,M1,SS,AC8,M,Main,N,Native,10.7,3.583,4.143
46,S10_T_12,M1,SS,AC10,M,Main,T,Transplant,9.7,1.881,2.164
47,K12_T_9,M1,KL,AC12,M,Main,T,Transplant,9,3.212,3.754
48,K12_N_12,M1,KL,AC12,M,Main,N,Native,9.9,5.245,6.019
49,S12_N_5,W2,SS,AC12,M,Main,N,Native,12.5,7.385,7.984
50,K12_T_7,W2,KL,AC12,M,Main,T,Transplant,12.3,6.783,7.671
51,K8_N_8,W2,KL,AC8,M,Main,N,Native,12.5,5.303,6.026
52,K10_N_6,W2,KL,AC10,M,Main,N,Native,9.5,4.226,4.735
53,S10_T_7,W2,SS,AC10,M,Main,T,Transplant,10,3.653,3.933
54,S12_N_6,W2,SS,AC12,M,Main,N,Native,12,2.829,3.169
55,K12_N_8,W2,KL,AC12,M,Main,N,Native,8.7,2.402,2.824
56,S8_N_5,W2,SS,AC8,M,Main,N,Native,9.3,5.963,6.512
57,K10_N_5,W2,KL,AC10,M,Main,N,Native,12.9,3.281,3.681
58,S10_N_8,W2,SS,AC10,M,Main,N,Native,10.7,3.277,3.595
59,K12_N_6,W2,KL,AC12,M,Main,N,Native,12.5,5.428,5.858
60,K10_N_8,W2,KL,AC10,M,Main,N,Native,9,3.426,3.802
61,S10_N_7,W2,SS,AC10,M,Main,N,Native,11.4,3.299,3.556
62,K12_T_8,W2,KL,AC12,M,Main,T,Transplant,13.2,3.645,4.442
63,S10_N_6,W2,SS,AC10,M,Main,N,Native,11.7,3.58,3.953
64,K10_T_7,W2,KL,AC10,M,Main,T,Transplant,12,3.966,4.386
65,S12_T_8,W2,SS,AC12,M,Main,T,Transplant,10,1.556,1.866
66,S12_T_7,W2,SS,AC12,M,Main,T,Transplant,14.5,4.234,4.756
67,K8_T_6,W2,KL,AC8,M,Main,T,Transplant,11,1.655,2.022
68,K10_N_7,W2,KL,AC10,M,Main,N,Native,12.5,5.69,6.252
69,K12_N_7,W2,KL,AC12,M,Main,N,Native,11,1.732,2.058
70,K8_T_8,W2,KL,AC8,M,Main,T,Transplant,12,1.124,1.441
71,K8_T_7,W2,KL,AC8,M,Main,T,Transplant,11.7,2.365,2.774
72,K8_N_5,W2,KL,AC8,M,Main,N,Native,15,5.711,6.309
73,S10_T_5,W2,SS,AC10,M,Main,T,Transplant,11.5,3.888,4.316
74,S8_T_6,W2,SS,AC8,M,Main,T,Transplant,12.3,2.272,2.781
75,K8_N_6,W2,KL,AC8,M,Main,N,Native,10.5,2.001,2.313
76,S8_T_5,W2,SS,AC8,M,Main,T,Transplant,11,5.891,6.409
77,K10_T_5,W2,KL,AC10,M,Main,T,Transplant,10.5,7.517,8.082
78,K10_T_8,W2,KL,AC10,M,Main,T,Transplant,11,6.06,6.539
79,S12_N_7,W2,SS,AC12,M,Main,N,Native,12,5.41,6.117
80,S12_T_5,W2,SS,AC12,M,Main,T,Transplant,13.4,3.986,4.265
81,K8_T_5,W2,KL,AC8,M,Main,T,Transplant,10.5,1.537,1.869
82,S10_T_6,W2,SS,AC10,M,Main,T,Transplant,9.5,3.491,3.79
83,K12_N_5,W2,KL,AC12,M,Main,N,Native,10.6,2.266,2.675
84,K8_N_7,W2,KL,AC8,M,Main,N,Native,10.4,1.328,1.625
85,S8_N_6,W2,SS,AC8,M,Main,N,Native,10.2,1.159,1.489
86,S8_T_8,W2,SS,AC8,M,Main,T,Transplant,11.5,2.072,2.477
87,K12_T_6,W2,KL,AC12,M,Main,T,Transplant,15.5,3.132,3.741
88,S12_N_8,W2,SS,AC12,M,Main,N,Native,12.7,5.602,6.428
89,S8_N_8,W2,SS,AC8,M,Main,N,Native,8.7,1.933,2.428
90,S10_N_5,W2,SS,AC10,M,Main,N,Native,10.2,3.125,3.438
91,S8_N_7,W2,SS,AC8,M,Main,N,Native,10.7,1.956,2.401
92,K12_T_5,W2,KL,AC12,M,Main,T,Transplant,13.3,6.982,7.723
93,K10_T_6,W2,KL,AC10,M,Main,T,Transplant,13.7,3.507,4.037
94,S10_T_8,W2,SS,AC10,M,Main,T,Transplant,12,3.138,3.571
95,S8_T_7,W2,SS,AC8,M,Main,T,Transplant,11,3.277,3.859
96,S12_T_6,W2,SS,AC12,M,Main,T,Transplant,10.5,1.391,1.614
97,S12_N_15,M4,SS,AC12,M,Main,N,Native,13.2,4.413,5.094
98,S12_T_14,M4,SS,AC12,M,Main,T,Transplant,10.9,3.582,3.922
99,K10_T_16,M4,KL,AC10,M,Main,T,Transplant,9.3,5.363,5.956
100,K10_N_16,M4,KL,AC10,M,Main,N,Native,10,5.553,6.203
101,K8_N_14,M4,KL,AC8,M,Main,N,Native,9.5,2.936,3.469
102,S12_T_13,M4,SS,AC12,M,Main,T,Transplant,9.9,3.365,3.973
103,S10_N_13,M4,SS,AC10,M,Main,N,Native,10,11.827,12.798
104,K12_T_16,M4,KL,AC12,M,Main,T,Transplant,10.8,2.651,3.089
105,K10_T_13,M4,KL,AC10,M,Main,T,Transplant,9,6.001,6.556
106,K8_T_16,M4,KL,AC8,M,Main,T,Transplant,9,3.178,3.797
107,S8_N_13,M4,SS,AC8,M,Main,N,Native,10.6,4.413,5.194
108,S10_T_13,M4,SS,AC10,M,Main,T,Transplant,10.1,2.542,2.981
109,K12_T_13,M4,KL,AC12,M,Main,T,Transplant,10.9,6.204,6.979
110,K12_N_15,M4,KL,AC12,M,Main,N,Native,11,4.5,5.056
111,K12_T_14,M4,KL,AC12,M,Main,T,Transplant,12.5,4.168,4.697
112,S8_T_15,M4,SS,AC8,M,Main,T,Transplant,12.5,9.781,10.636
113,S8_T_13,M4,SS,AC8,M,Main,T,Transplant,13.2,7.385,8.307
114,K10_N_13,M4,KL,AC10,M,Main,N,Native,10.4,6.513,7.13
115,S12_T_16,M4,SS,AC12,M,Main,T,Transplant,10.5,4.539,5.379
116,S12_N_16,M4,SS,AC12,M,Main,N,Native,13.5,4.93,5.501
117,S8_N_14,M4,SS,AC8,M,Main,N,Native,11.8,7.7,8.392
118,S12_T_15,M4,SS,AC12,M,Main,T,Transplant,12.5,5.593,6.396
119,K12_N_16,M4,KL,AC12,M,Main,N,Native,10,4.013,4.487
120,K12_N_14,M4,KL,AC12,M,Main,N,Native,12,6.425,7.19
121,K8_N_13,M4,KL,AC8,M,Main,N,Native,15,3.653,4.272
122,K10_T_14,M4,KL,AC10,M,Main,T,Transplant,10,7.543,8.085
123,K8_N_15,M4,KL,AC8,M,Main,N,Native,13.5,4.104,4.722
124,S8_N_16,M4,SS,AC8,M,Main,N,Native,14.5,4.234,5.002
125,S10_N_16,M4,SS,AC10,M,Main,N,Native,9,3.611,4.054
126,S10_T_15,M4,SS,AC10,M,Main,T,Transplant,9,2.688,3.102
127,K12_N_13,M4,KL,AC12,M,Main,N,Native,12.5,3.654,4.109
128,S10_N_14,M4,SS,AC10,M,Main,N,Native,11,4.175,4.81
129,S8_T_16,M4,SS,AC8,M,Main,T,Transplant,21,8.783,10.003
130,K8_T_15,M4,KL,AC8,M,Main,T,Transplant,9,3.602,4.231
131,K8_N_16,M4,KL,AC8,M,Main,N,Native,9.5,3.141,3.762
132,S10_T_16,M4,SS,AC10,M,Main,T,Transplant,10,3.815,4.31
133,K10_N_14,M4,KL,AC10,M,Main,N,Native,9.7,3.128,3.623
134,S8_N_15,M4,SS,AC8,M,Main,N,Native,12,5.569,6.31
135,S10_T_14,M4,SS,AC10,M,Main,T,Transplant,13,3.693,4.316
136,S10_N_15,M4,SS,AC10,M,Main,N,Native,13,3.527,4.145
137,K12_T_15,M4,KL,AC12,M,Main,T,Transplant,12.5,3.174,3.665
138,S12_N_14,M4,SS,AC12,M,Main,N,Native,12.5,4.46,5.138
139,S8_T_14,M4,SS,AC8,M,Main,T,Transplant,12,4.083,4.676
140,S12_N_13,M4,SS,AC12,M,Main,N,Native,12.7,2.985,3.707
141,K8_T_14,M4,KL,AC8,M,Main,T,Transplant,12.5,5.584,6.35
142,K10_N_15,M4,KL,AC10,M,Main,N,Native,12.4,4.69,5.192
143,K10_T_15,M4,KL,AC10,M,Main,T,Transplant,12.2,6.855,7.39
144,K8_T_13,M4,KL,AC8,M,Main,T,Transplant,12.8,2.134,2.567
145,S12_N_20,M8,SS,AC12,M,Main,N,Native,13.5,6.117,7.011
146,S10_N_20,M8,SS,AC10,M,Main,N,Native,10.5,3.969,4.539
147,S8_N_20,M8,SS,AC8,M,Main,N,Native,13.5,6.675,7.511
148,K10_T_19,M8,KL,AC10,M,Main,T,Transplant,12.7,9.058,9.723
149,K12_T_20,M8,KL,AC12,M,Main,T,Transplant,15.2,4.45,4.998
150,S10_T_17,M8,SS,AC10,M,Main,T,Transplant,14.1,2.572,3.013
151,K8_T_17,M8,KL,AC8,M,Main,T,Transplant,12.4,6.195,6.858
152,S10_T_19,M8,SS,AC10,M,Main,T,Transplant,15,2.394,2.816
153,K8_N_17,M8,KL,AC8,M,Main,N,Native,12,6.806,7.443
154,S8_T_19,M8,SS,AC8,M,Main,T,Transplant,13.5,9.6,10.306
155,K10_T_18,M8,KL,AC10,M,Main,T,Transplant,12.5,6.913,7.714
156,K10_N_17,M8,KL,AC10,M,Main,N,Native,12.8,9.39,10.101
157,S10_N_17,M8,SS,AC10,M,Main,N,Native,13.6,3.24,3.832
158,S8_N_17,M8,SS,AC8,M,Main,N,Native,22.5,7.262,8.161
159,S8_T_17,M8,SS,AC8,M,Main,T,Transplant,24.9,6.273,7.056
160,S8_N_18,M8,SS,AC8,M,Main,N,Native,15,5.905,6.652
161,K12_N_18,M8,KL,AC12,M,Main,N,Native,25.1,7.915,8.742
162,S12_T_19,M8,SS,AC12,M,Main,T,Transplant,36.5,14.585,15.974
163,S10_N_19,M8,SS,AC10,M,Main,N,Native,15,7.071,7.879
164,K10_N_20,M8,KL,AC10,M,Main,N,Native,21.5,8.012,8.778
165,K10_T_17,M8,KL,AC10,M,Main,T,Transplant,21,13.175,14.019
166,K8_N_20,M8,KL,AC8,M,Main,N,Native,19.9,6.467,7.255
167,K12_T_19,M8,KL,AC12,M,Main,T,Transplant,12.6,7.908,8.657
168,K12_T_17,M8,KL,AC12,M,Main,T,Transplant,15.4,6.23,6.857
169,S12_T_17,M8,SS,AC12,M,Main,T,Transplant,30,6.506,7.399
170,S8_T_20,M8,SS,AC8,M,Main,T,Transplant,21,5.506,6.281
171,S8_N_19,M8,SS,AC8,M,Main,N,Native,22,3.718,4.295
172,S12_N_19,M8,SS,AC12,M,Main,N,Native,13.3,3.154,3.775
173,S8_T_18,M8,SS,AC8,M,Main,T,Transplant,13.3,6.394,7.206
174,S12_T_20,M8,SS,AC12,M,Main,T,Transplant,21,7.957,8.784
175,K12_T_18,M8,KL,AC12,M,Main,T,Transplant,23,14.36,15.398
176,K10_T_20,M8,KL,AC10,M,Main,T,Transplant,12,13.15,13.838
177,K10_N_18,M8,KL,AC10,M,Main,N,Native,13,6.468,7.193
178,K8_T_18,M8,KL,AC8,M,Main,T,Transplant,13.1,7.691,8.549
179,S10_T_20,M8,SS,AC10,M,Main,T,Transplant,10.9,2.44,2.821
180,S12_N_18,M8,SS,AC12,M,Main,N,Native,12.1,6.901,7.686
181,K8_N_18,M8,KL,AC8,M,Main,N,Native,13.4,6.621,7.331
182,K12_N_17,M8,KL,AC12,M,Main,N,Native,12.3,8.308,9.173
183,K8_T_19,M8,KL,AC8,M,Main,T,Transplant,11.3,5.783,6.403
184,S12_N_17,M8,SS,AC12,M,Main,N,Native,13.8,9.067,9.963
185,K12_N_19,M8,KL,AC12,M,Main,N,Native,12.5,7.304,8.027
186,K8_T_20,M8,KL,AC8,M,Main,T,Transplant,13.5,6.636,7.406
187,K8_N_19,M8,KL,AC8,M,Main,N,Native,14.4,8.147,8.898
188,K12_N_20,M8,KL,AC12,M,Main,N,Native,13.5,7.642,8.296
189,S10_N_18,M8,SS,AC10,M,Main,N,Native,12.8,2.3,2.758
190,S12_T_18,M8,SS,AC12,M,Main,T,Transplant,19,5.468,6.347
191,K10_N_19,M8,KL,AC10,M,Main,N,Native,14.5,8.197,8.984
192,S10_T_18,M8,SS,AC10,M,Main,T,Transplant,16,4.024,4.608
193,S8_T_24,M12,SS,AC8,M,Main,T,Transplant,24,7.981,9.005
194,K12_N_21,M12,KL,AC12,M,Main,N,Native,24.9,17.979,19.103
195,S8_T_21,M12,SS,AC8,M,Main,T,Transplant,18,12.796,13.767
196,K12_N_22,M12,KL,AC12,M,Main,N,Native,11.6,4.837,5.522
197,S12_T_23,M12,SS,AC12,M,Main,T,Transplant,14,2.449,3.034
198,K10_N_24,M12,KL,AC10,M,Main,N,Native,15,7.342,8.11
199,K12_T_21,M12,KL,AC12,M,Main,T,Transplant,14.5,4.362,5.015
200,K8_N_24,M12,KL,AC8,M,Main,N,Native,13,12.43,13.182
201,K8_N_21,M12,KL,AC8,M,Main,N,Native,12.5,6.358,7.08
202,K12_T_23,M12,KL,AC12,M,Main,T,Transplant,13,7.618,8.437
203,K8_T_22,M12,KL,AC8,M,Main,T,Transplant,23,9.597,10.471
204,S10_T_22,M12,SS,AC10,M,Main,T,Transplant,20,12.676,13.782
205,S12_N_24,M12,SS,AC12,M,Main,N,Native,12.5,1.63,2.036
206,K10_T_23,M12,KL,AC10,M,Main,T,Transplant,12.6,2.643,2.999
207,K10_T_21,M12,KL,AC10,M,Main,T,Transplant,12.5,12.777,13.385
208,K12_T_22,M12,KL,AC12,M,Main,T,Transplant,13.3,13.075,13.869
209,K10_N_22,M12,KL,AC10,M,Main,N,Native,12,8.595,9.191
210,K10_N_21,M12,KL,AC10,M,Main,N,Native,12.5,7.102,7.818
211,S8_N_23,M12,SS,AC8,M,Main,N,Native,23,23.411,25.178
212,S10_T_24,M12,SS,AC10,M,Main,T,Transplant,15,7.911,8.982
213,S10_N_21,M12,SS,AC10,M,Main,N,Native,12.2,14.065,14.962
214,K12_N_24,M12,KL,AC12,M,Main,N,Native,12.6,6.703,7.364
215,K10_T_24,M12,KL,AC10,M,Main,T,Transplant,13.5,7.214,7.883
216,S8_T_22,M12,SS,AC8,M,Main,T,Transplant,27,16.035,17.483
217,K8_N_23,M12,KL,AC8,M,Main,N,Native,15.5,9.502,10.136
218,S8_N_21,M12,SS,AC8,M,Main,N,Native,12.5,1.481,1.915
219,S10_N_24,M12,SS,AC10,M,Main,N,Native,12.4,5.943,6.511
220,S12_N_21,M12,SS,AC12,M,Main,N,Native,23,10.849,12
221,K8_N_22,M12,KL,AC8,M,Main,N,Native,15,11.607,12.998
222,S8_T_23,M12,SS,AC8,M,Main,T,Transplant,30,5.488,6.19
223,K8_T_21,M12,KL,AC8,M,Main,T,Transplant,13.6,5.605,6.161
224,K10_N_23,M12,KL,AC10,M,Main,N,Native,13.5,15.643,16.457
225,K12_N_23,M12,KL,AC12,M,Main,N,Native,18,17.365,18.099
226,S12_N_23,M12,SS,AC12,M,Main,N,Native,50,42.128,44.359
227,S10_N_22,M12,SS,AC10,M,Main,N,Native,12.3,12.962,13.828
228,S8_N_22,M12,SS,AC8,M,Main,N,Native,25.1,16.626,18.067
229,K8_T_24,M12,KL,AC8,M,Main,T,Transplant,15,13.141,14.163
230,S12_T_21,M12,SS,AC12,M,Main,T,Transplant,12.5,2.594,3.193
231,K10_T_22,M12,KL,AC10,M,Main,T,Transplant,10.7,11.465,12.129
232,S12_T_24,M12,SS,AC12,M,Main,T,Transplant,30.5,8.075,9.24
233,K12_T_24,M12,KL,AC12,M,Main,T,Transplant,12.5,10.689,11.552
234,S10_N_23,M12,SS,AC10,M,Main,N,Native,14.3,12.663,13.538
235,K8_T_23,M12,KL,AC8,M,Main,T,Transplant,12.9,5.45,6.303
236,S12_N_22,M12,SS,AC12,M,Main,N,Native,43,19.598,21.09
237,S10_T_21,M12,SS,AC10,M,Main,T,Transplant,15,13.437,14.337
238,S12_T_22,M12,SS,AC12,M,Main,T,Transplant,23,5.764,6.866
239,S10_T_23,M12,SS,AC10,M,Main,T,Transplant,10.5,10.853,11.788
240,S8_N_24,M12,SS,AC8,M,Main,N,Native,24,18.841,20.125
W1_1,S8_C_N_3,W1,SS,AC8,C,Control,N,Native,16,2.987,3.705
W1_2,S12_C_N_3,W1,SS,AC12,C,Control,N,Native,17,5.588,6.759
W1_3,S8_C_T_2,W1,SS,AC8,C,Control,T,Transplant,13,1.567,1.927
W1_4,S12_C_T_2,W1,SS,AC12,C,Control,T,Transplant,9,2.32,2.791
W1_5,S10_H_N_3,W1,SS,AC10,H,Heat,N,Native,9.5,4.089,4.984
W1_6,K12_H_N_2,W1,KL,AC12,H,Heat,N,Native,12,5.223,6.015
W1_7,K10_H_N_1,W1,KL,AC10,H,Heat,N,Native,7,3.786,4.455
W1_8,S8_C_N_4,W1,SS,AC8,C,Control,N,Native,17,7.661,9.225
W1_9,K10_C_N_2,W1,KL,AC10,C,Control,N,Native,10,2.225,2.69
W1_10,K12_H_N_4,W1,KL,AC12,H,Heat,N,Native,11,4.882,5.719
W1_11,K12_C_T_1,W1,KL,AC12,C,Control,T,Transplant,11.2,2.313,2.773
W1_12,K12_C_T_2,W1,KL,AC12,C,Control,T,Transplant,14,1.743,2.141
W1_13,K12_H_T_4,W1,KL,AC12,H,Heat,T,Transplant,32,4.961,6.526
W1_14,K12_H_T_3,W1,KL,AC12,H,Heat,T,Transplant,16.5,3.228,4.07
W1_15,K10_H_N_4,W1,KL,AC10,H,Heat,N,Native,8.1,2.387,2.824
W1_16,K10_H_T_4,W1,KL,AC10,H,Heat,T,Transplant,15,5.065,5.998
W1_17,S8_H_T_4,W1,SS,AC8,H,Heat,T,Transplant,8.1,3.994,4.934
W1_18,S10_H_N_2,W1,SS,AC10,H,Heat,N,Native,14.5,3.86,4.628
W1_19,S8_C_T_1,W1,SS,AC8,C,Control,T,Transplant,12.9,4.107,4.697
W1_20,K8_C_N_4,W1,KL,AC8,C,Control,N,Native,25,4.55,5.375
W1_21,S12_H_T_2,W1,SS,AC12,H,Heat,T,Transplant,15.5,2.668,3.251
W1_22,S8_H_N_3,W1,SS,AC8,H,Heat,N,Native,23.5,5.507,6.889
W1_23,K8_H_T_3,W1,KL,AC8,H,Heat,T,Transplant,8.2,2.692,3.455
W1_24,S10_C_T_4,W1,SS,AC10,C,Control,T,Transplant,9.5,1.549,1.913
W1_25,K12_H_N_3,W1,KL,AC12,H,Heat,N,Native,13.3,4.473,5.353
W1_26,S12_C_T_3,W1,SS,AC12,C,Control,T,Transplant,11.9,3.103,3.733
W1_27,K10_C_T_4,W1,KL,AC10,C,Control,T,Transplant,11.5,4.908,5.819
W1_28,K12_C_N_4,W1,KL,AC12,C,Control,N,Native,11.1,4.412,5.065
W1_29,S10_C_N_4,W1,SS,AC10,C,Control,N,Native,12.2,5.548,6.625
W1_30,S8_H_T_3,W1,SS,AC8,H,Heat,T,Transplant,6.8,2.564,3.181
W1_31,S12_C_T_4,W1,SS,AC12,C,Control,T,Transplant,12.3,2.899,3.284
W1_32,S12_H_N_1,W1,SS,AC12,H,Heat,N,Native,8.7,5.276,6.277
W1_33,S12_H_N_2,W1,SS,AC12,H,Heat,N,Native,6.2,2.153,2.673
W1_34,S10_C_T_1,W1,SS,AC10,C,Control,T,Transplant,6.8,2.658,3.22
W1_35,K8_H_N_4,W1,KL,AC8,H,Heat,N,Native,8.4,2.83,4.733
W1_36,S10_C_T_2,W1,SS,AC10,C,Control,T,Transplant,6.4,2.48,3.032
W1_37,S10_H_T_1,W1,SS,AC10,H,Heat,T,Transplant,6.5,2.192,2.653
W1_38,S8_C_N_2,W1,SS,AC8,C,Control,N,Native,23,6.881,8.937
W1_39,K10_H_T_2,W1,KL,AC10,H,Heat,T,Transplant,5.9,1.831,2.177
W1_40,S8_H_N_2,W1,SS,AC8,H,Heat,N,Native,6.6,6.263,7.694
W1_41,K10_H_N_2,W1,KL,AC10,H,Heat,N,Native,7,3.169,3.781
W1_42,K8_H_N_1,W1,KL,AC8,H,Heat,N,Native,8.5,4.54,5.538
W1_43,K8_H_T_1,W1,KL,AC8,H,Heat,T,Transplant,18.5,7.324,9.037
W1_44,K8_C_N_3,W1,KL,AC8,C,Control,N,Native,8.7,2.543,3.062
W1_45,K10_C_T_1,W1,KL,AC10,C,Control,T,Transplant,18,4.666,5.856
W1_46,S12_C_N_2,W1,SS,AC12,C,Control,N,Native,19,3.845,4.409
W1_47,S12_H_N_4,W1,SS,AC12,H,Heat,N,Native,20.2,6.333,7.403
W1_48,S10_H_T_4,W1,SS,AC10,H,Heat,T,Transplant,8.4,2.508,2.96
W1_49,K8_H_T_4,W1,KL,AC8,H,Heat,T,Transplant,12.5,6.159,7.128
W1_50,S12_H_T_1,W1,SS,AC12,H,Heat,T,Transplant,7.5,2.026,2.381
W1_51,K8_C_T_3,W1,KL,AC8,C,Control,T,Transplant,20,4.132,4.976
W1_52,K12_H_N_1,W1,KL,AC12,H,Heat,N,Native,8.8,1.588,1.907
W1_53,S8_H_N_1,W1,SS,AC8,H,Heat,N,Native,19,8.084,9.721
W1_54,K10_H_T_3,W1,KL,AC10,H,Heat,T,Transplant,11,4.016,4.695
W1_55,K12_C_N_3,W1,KL,AC12,C,Control,N,Native,17,2.944,3.551
W1_56,S8_H_T_2,W1,SS,AC8,H,Heat,T,Transplant,11.3,2.629,3.238
W1_57,S8_H_T_1,W1,SS,AC8,H,Heat,T,Transplant,7.5,2.257,2.75
W1_58,S8_C_N_1,W1,SS,AC8,C,Control,N,Native,18,7.103,8.776
W1_59,S12_C_N_4,W1,SS,AC12,C,Control,N,Native,15,4.567,5.6
W1_60,K10_H_N_3,W1,KL,AC10,H,Heat,N,Native,12.5,2.306,2.675
W1_61,S10_H_T_3,W1,SS,AC10,H,Heat,T,Transplant,10.5,2.273,2.778
W1_62,S12_H_T_3,W1,SS,AC12,H,Heat,T,Transplant,7,2.292,2.808
W1_63,K12_C_N_1,W1,KL,AC12,C,Control,N,Native,15,4.156,4.863
W1_64,S10_C_N_3,W1,SS,AC10,C,Control,N,Native,14,3.174,3.817
W1_65,K10_C_N_1,W1,KL,AC10,C,Control,N,Native,9.5,3.614,4.286
W1_66,S10_H_N_4,W1,SS,AC10,H,Heat,N,Native,8.4,1.758,2.124
W1_67,K10_C_T_3,W1,KL,AC10,C,Control,T,Transplant,12.3,4.679,5.588
W1_68,S10_H_T_2,W1,SS,AC10,H,Heat,T,Transplant,10.5,3.423,4.139
W1_69,S10_H_N_1,W1,SS,AC10,H,Heat,N,Native,9.7,5.767,6.777
W1_70,S8_C_T_4,W1,SS,AC8,C,Control,T,Transplant,17,4.165,5.396
W1_71,S10_C_N_1,W1,SS,AC10,C,Control,N,Native,19,4.506,5.55
W1_72,S10_C_T_3,W1,SS,AC10,C,Control,T,Transplant,4.8,2.785,3.149
W1_73,K8_C_T_4,W1,KL,AC8,C,Control,T,Transplant,9.9,5.202,6.495
W1_74,S12_H_T_4,W1,SS,AC12,H,Heat,T,Transplant,4.7,2.462,3.038
W1_75,K8_C_T_1,W1,KL,AC8,C,Control,T,Transplant,10.1,3.461,4.284
W1_76,S12_H_N_3,W1,SS,AC12,H,Heat,N,Native,8.8,2.726,3.515
W1_77,K12_C_N_2,W1,KL,AC12,C,Control,N,Native,9,3.676,4.423
W1_78,K10_C_T_2,W1,KL,AC10,C,Control,T,Transplant,5.7,3.111,3.702
W1_79,S10_C_N_2,W1,SS,AC10,C,Control,N,Native,5.7,3.684,4.439
W1_80,K8_C_N_1,W1,KL,AC8,C,Control,N,Native,10.4,6.427,7.826
W1_81,K12_C_T_3,W1,KL,AC12,C,Control,T,Transplant,7.9,3.898,4.947
W1_82,K10_H_T_1,W1,KL,AC10,H,Heat,T,Transplant,4,2.612,3.19
W1_83,K12_C_T_4,W1,KL,AC12,C,Control,T,Transplant,4.6,2.406,2.964
W1_84,S8_H_N_4,W1,SS,AC8,H,Heat,N,Native,4.8,6.309,7.642
W1_85,K10_C_N_3,W1,KL,AC10,C,Control,N,Native,17,5.42,6.347
W1_86,K8_H_N_2,W1,KL,AC8,H,Heat,N,Native,17,4.321,5.195
W1_87,S12_C_N_1,W1,SS,AC12,C,Control,N,Native,22,3.738,4.428
W1_88,K10_C_N_4,W1,KL,AC10,C,Control,N,Native,7,3.266,3.876
W1_89,K8_C_T_2,W1,KL,AC8,C,Control,T,Transplant,16,5.682,6.883
W1_90,K8_H_T_2,W1,KL,AC8,H,Heat,T,Transplant,14,5.875,6.893
W1_91,K8_C_N_2,W1,KL,AC8,C,Control,N,Native,15,3.878,4.7
W1_92,S12_C_T_1,W1,SS,AC12,C,Control,T,Transplant,7.5,1.885,2.249
W1_93,K12_H_T_1,W1,KL,AC12,H,Heat,T,Transplant,14,2.944,5.725
W1_94,S8_C_T_3,W1,SS,AC8,C,Control,T,Transplant,15,3.139,3.982
W1_95,K8_H_N_3,W1,KL,AC8,H,Heat,N,Native,8.5,2.949,3.616
W1_96,K12_H_T_2,W1,KL,AC12,H,Heat,T,Transplant,14,3.07,3.791
W2_1,S12_C_N_8,W2,SS,AC12,C,Control,N,Native,24,4.4,5.385
W2_2,K10_C_T_5,W2,KL,AC10,C,Control,T,Transplant,12,4.158,5.043
W2_3,S8_C_T_8,W2,SS,AC8,C,Control,T,Transplant,23,4.321,5.365
W2_4,S8_C_N_5,W2,SS,AC8,C,Control,N,Native,16,7.002,8.735
W2_5,S8_C_N_7,W2,SS,AC8,C,Control,N,Native,22,4.387,5.569
W2_6,S8_H_T_6,W2,SS,AC8,H,Heat,T,Transplant,12,3.549,4.394
W2_7,K12_C_T_6,W2,KL,AC12,C,Control,T,Transplant,14,3.537,4.326
W2_8,S12_C_T_7,W2,SS,AC12,C,Control,T,Transplant,17,4.262,5.63
W2_9,K8_H_T_5,W2,KL,AC8,H,Heat,T,Transplant,11,5.04,6.255
W2_10,K10_C_N_8,W2,KL,AC10,C,Control,N,Native,6,4.106,4.728
W2_11,K10_H_T_5,W2,KL,AC10,H,Heat,T,Transplant,9.5,4.969,5.978
W2_12,K8_C_T_6,W2,KL,AC8,C,Control,T,Transplant,14,3.139,3.825
W2_13,S8_H_T_5,W2,SS,AC8,H,Heat,T,Transplant,9.9,5.202,6.339
W2_14,S10_H_T_8,W2,SS,AC10,H,Heat,T,Transplant,6.9,2.673,3.126
W2_15,K12_C_N_8,W2,KL,AC12,C,Control,N,Native,10.2,3.165,3.745
W2_16,K8_C_T_7,W2,KL,AC8,C,Control,T,Transplant,29,9.395,11.292
W2_17,S12_C_T_5,W2,SS,AC12,C,Control,T,Transplant,10.5,4.69,5.333
W2_18,S10_C_T_6,W2,SS,AC10,C,Control,T,Transplant,8.6,2.715,3.223
W2_19,K8_C_N_8,W2,KL,AC8,C,Control,N,Native,27.5,6.491,7.805
W2_20,S10_H_T_7,W2,SS,AC10,H,Heat,T,Transplant,10.5,4.598,5.482
W2_21,K10_H_N_7,W2,KL,AC10,H,Heat,N,Native,7.5,3.469,4.084
W2_22,S12_H_T_8,W2,SS,AC12,H,Heat,T,Transplant,10.9,5.138,5.927
W2_23,K10_H_T_6,W2,KL,AC10,H,Heat,T,Transplant,9.1,3.806,5.618
W2_24,S12_C_T_8,W2,SS,AC12,C,Control,T,Transplant,21,4.764,5.345
W2_25,S8_C_N_8,W2,SS,AC8,C,Control,N,Native,11.9,3.296,4.097
W2_26,S8_C_N_6,W2,SS,AC8,C,Control,N,Native,10.6,4.889,5.825
W2_27,K10_C_N_5,W2,KL,AC10,C,Control,N,Native,10.2,3.158,3.745
W2_28,K8_C_N_6,W2,KL,AC8,C,Control,N,Native,7.2,4.26,4.908
W2_29,S8_C_T_6,W2,SS,AC8,C,Control,T,Transplant,9.9,4.137,5.076
W2_30,K8_H_N_8,W2,KL,AC8,H,Heat,N,Native,4.7,6.053,7.04
W2_31,K12_C_T_7,W2,KL,AC12,C,Control,T,Transplant,11,4.731,5.751
W2_32,K10_H_T_8,W2,KL,AC10,H,Heat,T,Transplant,6.5,5.114,5.942
W2_33,K12_C_T_8,W2,KL,AC12,C,Control,T,Transplant,18,7.36,8.978
W2_34,S12_C_T_6,W2,SS,AC12,C,Control,T,Transplant,12.2,6.614,7.738
W2_35,S12_C_N_6,W2,SS,AC12,C,Control,N,Native,11.6,5.323,6.277
W2_36,K8_H_T_6,W2,KL,AC8,H,Heat,T,Transplant,4.4,1.927,2.319
W2_37,S12_H_N_8,W2,SS,AC12,H,Heat,N,Native,11,4.065,4.99
W2_38,K12_H_T_7,W2,KL,AC12,H,Heat,T,Transplant,10.5,4.984,5.946
W2_39,K12_C_T_5,W2,KL,AC12,C,Control,T,Transplant,9.5,3.423,4.162
W2_40,K8_C_N_5,W2,KL,AC8,C,Control,N,Native,6,1.989,2.437
W2_41,S12_H_T_6,W2,SS,AC12,H,Heat,T,Transplant,10,4.446,5.378
W2_42,S8_H_N_5,W2,SS,AC8,H,Heat,N,Native,10.5,4.6,5.821
W2_43,S10_H_N_7,W2,SS,AC10,H,Heat,N,Native,4.8,1.739,2.101
W2_44,K10_H_N_5,W2,KL,AC10,H,Heat,N,Native,6,3.428,3.841
W2_45,K12_C_N_5,W2,KL,AC12,C,Control,N,Native,16,6.871,8.066
W2_46,S10_C_T_5,W2,SS,AC10,C,Control,T,Transplant,9,2.98,3.562
W2_47,K8_H_N_6,W2,KL,AC8,H,Heat,N,Native,7.8,5.038,5.915
W2_48,S8_H_N_7,W2,SS,AC8,H,Heat,N,Native,15,5.697,6.974
W2_49,S12_H_N_5,W2,SS,AC12,H,Heat,N,Native,17,5.15,6.264
W2_50,K10_H_N_6,W2,KL,AC10,H,Heat,N,Native,8.5,2.644,3.145
W2_51,K12_H_N_8,W2,KL,AC12,H,Heat,N,Native,9.9,3.026,3.612
W2_52,S8_C_T_7,W2,SS,AC8,C,Control,T,Transplant,9,2.148,2.581
W2_53,K8_H_N_7,W2,KL,AC8,H,Heat,N,Native,7,2.391,2.963
W2_54,S10_H_N_5,W2,SS,AC10,H,Heat,N,Native,6,1.768,2.151
W2_55,S12_H_T_5,W2,SS,AC12,H,Heat,T,Transplant,19,6.282,7.651
W2_56,S8_H_N_8,W2,SS,AC8,H,Heat,N,Native,14,4.346,5.342
W2_57,S8_H_T_8,W2,SS,AC8,H,Heat,T,Transplant,6,1.874,2.324
W2_58,S12_C_N_5,W2,SS,AC12,C,Control,N,Native,17,4.035,4.863
W2_59,K12_H_T_6,W2,KL,AC12,H,Heat,T,Transplant,16,7.766,9.302
W2_60,S10_C_T_8,W2,SS,AC10,C,Control,T,Transplant,7.5,2.36,2.793
W2_61,K12_C_N_6,W2,KL,AC12,C,Control,N,Native,14,3.061,3.602
W2_62,K8_H_T_7,W2,KL,AC8,H,Heat,T,Transplant,10,4.704,5.634
W2_63,K12_H_N_6,W2,KL,AC12,H,Heat,N,Native,10,4.624,5.444
W2_64,S10_C_N_6,W2,SS,AC10,C,Control,N,Native,14,3.415,4.041
W2_65,K10_C_T_8,W2,KL,AC10,C,Control,T,Transplant,19,5.519,6.501
W2_66,K8_H_T_8,W2,KL,AC8,H,Heat,T,Transplant,13,7.096,8.309
W2_67,S10_H_T_5,W2,SS,AC10,H,Heat,T,Transplant,8.5,1.793,2.163
W2_68,K10_H_N_8,W2,KL,AC10,H,Heat,N,Native,11,3.923,4.615
W2_69,S8_C_T_5,W2,SS,AC8,C,Control,T,Transplant,14,2.582,3.274
W2_70,S8_H_T_7,W2,SS,AC8,H,Heat,T,Transplant,9,4.5,5.481
W2_71,K10_C_T_6,W2,KL,AC10,C,Control,T,Transplant,14,3.842,4.744
W2_72,S10_H_N_6,W2,SS,AC10,H,Heat,N,Native,11,4.325,5.216
W2_73,K10_C_N_7,W2,KL,AC10,C,Control,N,Native,11.5,4.509,5.31
W2_74,K8_H_N_5,W2,KL,AC8,H,Heat,N,Native,27,6.173,7.673
W2_75,K8_C_T_5,W2,KL,AC8,C,Control,T,Transplant,24.9,3.838,4.759
W2_76,S8_H_N_6,W2,SS,AC8,H,Heat,N,Native,11.4,2.927,3.726
W2_77,S10_C_N_8,W2,SS,AC10,C,Control,N,Native,15.5,3.863,4.517
W2_78,S10_C_N_5,W2,SS,AC10,C,Control,N,Native,11.7,4.115,4.931
W2_79,K12_H_T_8,W2,KL,AC12,H,Heat,T,Transplant,26,4.173,5.429
W2_80,S12_C_N_7,W2,SS,AC12,C,Control,N,Native,23,3.308,4.179
W2_81,K10_C_T_7,W2,KL,AC10,C,Control,T,Transplant,9.5,2.965,3.469
W2_82,K8_C_N_7,W2,KL,AC8,C,Control,N,Native,20.2,4.18,4.962
W2_83,K12_H_N_5,W2,KL,AC12,H,Heat,N,Native,13.2,2.472,2.958
W2_84,S10_H_T_6,W2,SS,AC10,H,Heat,T,Transplant,9.4,2.41,2.876
W2_85,K12_H_N_7,W2,KL,AC12,H,Heat,N,Native,9.8,2.724,3.244
W2_86,S12_H_T_7,W2,SS,AC12,H,Heat,T,Transplant,13.2,4.562,5.511
W2_87,K8_C_T_8,W2,KL,AC8,C,Control,T,Transplant,24,5.396,6.604
W2_88,S12_H_N_7,W2,SS,AC12,H,Heat,N,Native,32,5.796,7.022
W2_89,K10_H_T_7,W2,KL,AC10,H,Heat,T,Transplant,8.9,4.008,4.736
W2_90,K12_C_N_7,W2,KL,AC12,C,Control,N,Native,10,2.515,2.984
W2_91,S10_H_N_8,W2,SS,AC10,H,Heat,N,Native,9.5,5.501,6.445
W2_92,S10_C_N_7,W2,SS,AC10,C,Control,N,Native,10,3.826,4.451
W2_93,K10_C_N_6,W2,KL,AC10,C,Control,N,Native,12.6,3.572,4.417
W2_94,S12_H_N_6,W2,SS,AC12,H,Heat,N,Native,13.5,4.885,5.848
W2_95,S10_C_T_7,W2,SS,AC10,C,Control,T,Transplant,9.5,6.367,7.271
W2_96,K12_H_T_5,W2,KL,AC12,H,Heat,T,Transplant,24,5.748,7.136
M1_1,K12_H_T_11,M1,KL,AC12,H,Heat,T,Transplant,12.6,7.741,8.938
M1_2,K8_C_N_12,M1,KL,AC8,C,Control,N,Native,11.3,4.122,4.893
M1_3,K10_H_T_12,M1,KL,AC10,H,Heat,T,Transplant,9.7,3.822,4.476
M1_4,K10_C_T_11,M1,KL,AC10,C,Control,T,Transplant,8,4.319,4.958
M1_5,S12_C_N_11,M1,SS,AC12,C,Control,N,Native,22,5.064,5.891
M1_6,K12_H_N_9,M1,KL,AC12,H,Heat,N,Native,12.5,4.755,5.504
M1_7,K10_C_N_10,M1,KL,AC10,C,Control,N,Native,12.8,3.43,4.03
M1_8,S8_H_N_11,M1,SS,AC8,H,Heat,N,Native,24,7.798,9.496
M1_9,K8_C_T_11,M1,KL,AC8,C,Control,T,Transplant,14,3.006,3.547
M1_10,S12_H_N_12,M1,SS,AC12,H,Heat,N,Native,8.5,4.014,4.688
M1_11,S10_H_T_9,M1,SS,AC10,H,Heat,T,Transplant,10.5,2.216,2.658
M1_12,S12_C_T_10,M1,SS,AC12,C,Control,T,Transplant,12,5.905,6.703
M1_13,K8_C_N_10,M1,KL,AC8,C,Control,N,Native,10,4.784,5.646
M1_14,K12_C_N_10,M1,KL,AC12,C,Control,N,Native,8.9,3.81,4.531
M1_15,S10_C_T_12,M1,SS,AC10,C,Control,T,Transplant,10,5.679,6.664
M1_16,K8_H_T_12,M1,KL,AC8,H,Heat,T,Transplant,7.8,7.889,9.28
M1_17,K8_H_N_9,M1,KL,AC8,H,Heat,N,Native,2.9,1.771,2.16
M1_18,K12_C_N_11,M1,KL,AC12,C,Control,N,Native,5.4,1.63,1.957
M1_19,K8_C_N_11,M1,KL,AC8,C,Control,N,Native,8.8,5.003,5.957
M1_20,K10_C_N_9,M1,KL,AC10,C,Control,N,Native,9.4,2.753,3.254
M1_21,S8_C_N_10,M1,SS,AC8,C,Control,N,Native,17.5,8.09,9.788
M1_22,S8_H_T_10,M1,SS,AC8,H,Heat,T,Transplant,4.5,4.676,5.742
M1_23,S10_C_N_11,M1,SS,AC10,C,Control,N,Native,10,7.099,8.279
M1_24,S8_C_T_12,M1,SS,AC8,C,Control,T,Transplant,10.9,4.547,5.45
M1_25,K12_H_T_12,M1,KL,AC12,H,Heat,T,Transplant,14.3,7.294,8.838
M1_26,K8_H_T_9,M1,KL,AC8,H,Heat,T,Transplant,15.5,10.948,12.706
M1_27,K10_C_T_10,M1,KL,AC10,C,Control,T,Transplant,13.1,8.88,10.465
M1_28,K8_H_N_11,M1,KL,AC8,H,Heat,N,Native,9,4.05,4.936
M1_29,S10_C_T_9,M1,SS,AC10,C,Control,T,Transplant,10,2.525,3.029
M1_30,S8_H_N_9,M1,SS,AC8,H,Heat,N,Native,11.5,4.412,5.385
M1_31,S12_H_T_12,M1,SS,AC12,H,Heat,T,Transplant,5.1,4.308,5.023
M1_32,K12_C_T_10,M1,KL,AC12,C,Control,T,Transplant,16,6.228,7.182
M1_33,K12_H_N_10,M1,KL,AC12,H,Heat,N,Native,7,3.101,3.723
M1_34,K10_C_T_9,M1,KL,AC10,C,Control,T,Transplant,12,4.625,5.463
M1_35,S10_C_N_12,M1,SS,AC10,C,Control,N,Native,13,5.84,6.813
M1_36,S12_C_T_11,M1,SS,AC12,C,Control,T,Transplant,10,3.664,4.293
M1_37,S10_H_N_11,M1,SS,AC10,H,Heat,N,Native,11,6.327,7.474
M1_38,K12_C_T_11,M1,KL,AC12,C,Control,T,Transplant,20,6.961,8.286
M1_39,K10_C_T_12,M1,KL,AC10,C,Control,T,Transplant,10,6.621,7.65
M1_40,S10_H_T_10,M1,SS,AC10,H,Heat,T,Transplant,8.5,2.913,3.503
M1_41,S12_H_N_9,M1,SS,AC12,H,Heat,N,Native,14,5.558,6.693
M1_42,S12_H_N_11,M1,SS,AC12,H,Heat,N,Native,6.5,4.204,4.919
M1_43,S10_C_T_11,M1,SS,AC10,C,Control,T,Transplant,9,2.694,3.178
M1_44,K12_H_T_10,M1,KL,AC12,H,Heat,T,Transplant,15,5.756,7.048
M1_45,S8_H_T_12,M1,SS,AC8,H,Heat,T,Transplant,9,6.642,7.953
M1_46,S12_C_N_10,M1,SS,AC12,C,Control,N,Native,13,4.857,5.685
M1_47,K10_C_N_12,M1,KL,AC10,C,Control,N,Native,8.5,3.086,3.672
M1_48,K10_H_T_11,M1,KL,AC10,H,Heat,T,Transplant,7,4.402,5.224
M1_49,S8_C_N_9,M1,SS,AC8,C,Control,N,Native,16,7.844,9.513
M1_50,K10_H_N_12,M1,KL,AC10,H,Heat,N,Native,6,2.722,3.198
M1_51,K10_H_T_10,M1,KL,AC10,H,Heat,T,Transplant,10,5.693,6.557
M1_52,S10_H_N_12,M1,SS,AC10,H,Heat,N,Native,11,6.186,7.343
M1_53,K10_H_N_9,M1,KL,AC10,H,Heat,N,Native,9,3.218,3.838
M1_54,K12_C_T_12,M1,KL,AC12,C,Control,T,Transplant,16,6.146,7.106
M1_55,S12_H_N_10,M1,SS,AC12,H,Heat,N,Native,16,6.293,7.506
M1_56,S8_C_T_11,M1,SS,AC8,C,Control,T,Transplant,13,4.351,5.267
M1_57,K8_H_N_12,M1,KL,AC8,H,Heat,N,Native,4,2.161,2.601
M1_58,K10_H_T_9,M1,KL,AC10,H,Heat,T,Transplant,9,4.311,5.04
M1_59,S10_C_N_9,M1,SS,AC10,C,Control,N,Native,7,2.652,3.193
M1_60,K12_C_N_9,M1,KL,AC12,C,Control,N,Native,8,2.942,3.473
M1_61,S8_H_N_12,M1,SS,AC8,H,Heat,N,Native,5.5,4.645,5.501
M1_62,K8_C_T_10,M1,KL,AC8,C,Control,T,Transplant,9.7,5.151,5.88
M1_63,K8_H_T_10,M1,KL,AC8,H,Heat,T,Transplant,5.7,4.587,5.62
M1_64,S8_C_T_9,M1,SS,AC8,C,Control,T,Transplant,8.3,2.625,3.209
M1_65,K12_H_T_9,M1,KL,AC12,H,Heat,T,Transplant,12.9,6.073,7.408
M1_66,S10_H_T_12,M1,SS,AC10,H,Heat,T,Transplant,4.3,3.015,3.426
M1_67,S8_C_N_11,M1,SS,AC8,C,Control,N,Native,11.5,4.418,5.49
M1_68,K8_H_N_10,M1,KL,AC8,H,Heat,N,Native,4,3.78,4.58
M1_69,K12_H_N_12,M1,KL,AC12,H,Heat,N,Native,4,3.12,3.703
M1_70,S12_H_T_9,M1,SS,AC12,H,Heat,T,Transplant,4.3,3.071,3.561
M1_71,S10_H_N_10,M1,SS,AC10,H,Heat,N,Native,6,5.008,5.829
M1_72,S12_C_N_9,M1,SS,AC12,C,Control,N,Native,11.2,6.497,7.326
M1_73,S10_H_N_9,M1,SS,AC10,H,Heat,N,Native,10,7.66,8.94
M1_74,S12_C_N_12,M1,SS,AC12,C,Control,N,Native,12.7,5.908,7.16
M1_75,K8_C_T_9,M1,KL,AC8,C,Control,T,Transplant,6,3.846,4.516
M1_76,K12_C_T_9,M1,KL,AC12,C,Control,T,Transplant,11,5.846,7.1
M1_77,S12_H_T_10,M1,SS,AC12,H,Heat,T,Transplant,5.4,6.111,7.016
M1_78,K8_C_N_9,M1,KL,AC8,C,Control,N,Native,6.5,4.06,4.921
M1_79,K10_C_N_11,M1,KL,AC10,C,Control,N,Native,9.5,3.534,4.107
M1_80,S8_C_N_12,M1,SS,AC8,C,Control,N,Native,19,5.524,6.779
M1_81,S8_C_T_10,M1,SS,AC8,C,Control,T,Transplant,11,4.214,5.035
M1_82,S12_C_T_9,M1,SS,AC12,C,Control,T,Transplant,10,3.488,4.017
M1_83,S8_H_N_10,M1,SS,AC8,H,Heat,N,Native,10.5,5.261,6.251
M1_84,K8_C_T_12,M1,KL,AC8,C,Control,T,Transplant,10,7.127,8.419
M1_85,S10_C_N_10,M1,SS,AC10,C,Control,N,Native,13,5.464,6.34
M1_86,K12_H_N_11,M1,KL,AC12,H,Heat,N,Native,5,3.945,4.554
M1_87,S8_H_T_11,M1,SS,AC8,H,Heat,T,Transplant,4,5.478,6.518
M1_88,K8_H_T_11,M1,KL,AC8,H,Heat,T,Transplant,10,6.5,7.778
M1_89,K10_H_N_10,M1,KL,AC10,H,Heat,N,Native,8.5,3.123,3.69
M1_90,S10_C_T_10,M1,SS,AC10,C,Control,T,Transplant,12,5.557,6.521
M1_91,K10_H_N_11,M1,KL,AC10,H,Heat,N,Native,9.5,3.84,4.58
M1_92,S12_C_T_12,M1,SS,AC12,C,Control,T,Transplant,12,2.449,2.885
M1_93,K12_C_N_12,M1,KL,AC12,C,Control,N,Native,11.5,5.782,6.501
M1_94,S8_H_T_9,M1,SS,AC8,H,Heat,T,Transplant,11,3.845,4.64
M1_95,S10_H_T_11,M1,SS,AC10,H,Heat,T,Transplant,10,4.504,5.239
M1_96,S12_H_T_11,M1,SS,AC12,H,Heat,T,Transplant,12,9.267,10.689
M4_1,K8_C_T_14,M4,KL,AC8,C,Control,T,Transplant,10.4,2.767,3.279
M4_2,K10_C_N_15,M4,KL,AC10,C,Control,N,Native,5.7,2.265,2.653
M4_3,S8_H_T_13,M4,SS,AC8,H,Heat,T,Transplant,5.8,4.673,5.657
M4_4,K12_H_N_16,M4,KL,AC12,H,Heat,N,Native,5.1,3.097,3.511
M4_5,S8_H_N_15,M4,SS,AC8,H,Heat,N,Native,7.9,5.982,7.198
M4_6,K10_H_N_16,M4,KL,AC10,H,Heat,N,Native,4.8,2.556,2.949
M4_7,S10_C_N_13,M4,SS,AC10,C,Control,N,Native,9.4,5.41,6.433
M4_8,S10_C_N_16,M4,SS,AC10,C,Control,N,Native,7.9,5.086,6.113
M4_9,K10_C_T_15,M4,KL,AC10,C,Control,T,Transplant,5.2,2.426,2.739
M4_10,K12_H_N_14,M4,KL,AC12,H,Heat,N,Native,4.4,2.635,3.046
M4_11,S8_H_N_14,M4,SS,AC8,H,Heat,N,Native,7.9,2.909,3.608
M4_12,S10_H_T_13,M4,SS,AC10,H,Heat,T,Transplant,14,20.38,23.131
M4_13,K10_H_T_15,M4,KL,AC10,H,Heat,T,Transplant,5.5,2.188,2.536
M4_14,S8_H_T_14,M4,SS,AC8,H,Heat,T,Transplant,9.9,4.315,5.21
M4_15,K12_C_T_13,M4,KL,AC12,C,Control,T,Transplant,11,4.015,4.632
M4_16,K8_C_N_16,M4,KL,AC8,C,Control,N,Native,9.4,3.519,4.21
M4_17,S12_C_N_15,M4,SS,AC12,C,Control,N,Native,12,3.483,4.167
M4_18,K12_C_N_16,M4,KL,AC12,C,Control,N,Native,9.9,3.653,4.208
M4_19,S8_C_T_14,M4,SS,AC8,C,Control,T,Transplant,9.8,3.415,4.098
M4_20,K12_C_N_14,M4,KL,AC12,C,Control,N,Native,7,3.519,4.077
M4_21,K12_C_N_13,M4,KL,AC12,C,Control,N,Native,7.5,3.391,3.9
M4_22,K12_H_T_13,M4,KL,AC12,H,Heat,T,Transplant,9.4,3.478,4.04
M4_23,K12_C_T_16,M4,KL,AC12,C,Control,T,Transplant,9.7,5.214,5.972
M4_24,K12_C_N_15,M4,KL,AC12,C,Control,N,Native,6.5,2.374,2.814
M4_25,S12_H_N_14,M4,SS,AC12,H,Heat,N,Native,8.7,4.518,5.276
M4_26,K8_C_N_13,M4,KL,AC8,C,Control,N,Native,9.7,6.268,7.237
M4_27,K10_H_N_15,M4,KL,AC10,H,Heat,N,Native,4,2.899,3.275
M4_28,S8_C_N_15,M4,SS,AC8,C,Control,N,Native,12.9,5.389,6.596
M4_29,K8_C_T_16,M4,KL,AC8,C,Control,T,Transplant,8.4,3.476,3.984
M4_30,K8_C_T_13,M4,KL,AC8,C,Control,T,Transplant,3.7,1.896,2.208
M4_31,K8_H_N_13,M4,KL,AC8,H,Heat,N,Native,8.8,5.222,6.184
M4_32,S10_H_N_13,M4,SS,AC10,H,Heat,N,Native,9,9.244,10.473
M4_33,S10_H_N_14,M4,SS,AC10,H,Heat,N,Native,4.9,2.527,3.035
M4_34,S12_C_T_16,M4,SS,AC12,C,Control,T,Transplant,17,7.876,9.142
M4_35,K12_H_T_16,M4,KL,AC12,H,Heat,T,Transplant,11.6,4.057,4.707
M4_36,K10_C_N_13,M4,KL,AC10,C,Control,N,Native,7.5,3.101,3.585
M4_37,S8_C_T_15,M4,SS,AC8,C,Control,T,Transplant,7.7,3.564,4.266
M4_38,K8_H_N_15,M4,KL,AC8,H,Heat,N,Native,4.1,3.626,4.186
M4_39,K12_H_T_14,M4,KL,AC12,H,Heat,T,Transplant,7,3.467,4.063
M4_40,S8_H_T_16,M4,SS,AC8,H,Heat,T,Transplant,4.7,3.861,4.614
M4_41,S12_H_N_13,M4,SS,AC12,H,Heat,N,Native,9,6.692,7.599
M4_42,S8_C_T_16,M4,SS,AC8,C,Control,T,Transplant,12.1,5.679,6.826
M4_43,S12_C_N_16,M4,SS,AC12,C,Control,N,Native,12,4.914,5.992
M4_44,S12_H_T_14,M4,SS,AC12,H,Heat,T,Transplant,4.6,2.136,2.473
M4_45,K10_C_N_14,M4,KL,AC10,C,Control,N,Native,5,3.218,3.614
M4_46,K8_H_T_15,M4,KL,AC8,H,Heat,T,Transplant,4.5,2.066,2.461
M4_47,K8_H_N_16,M4,KL,AC8,H,Heat,N,Native,8,4.338,5.038
M4_48,S12_C_T_14,M4,SS,AC12,C,Control,T,Transplant,9.4,3.87,4.696
M4_49,S12_H_T_15,M4,SS,AC12,H,Heat,T,Transplant,4,1.72,2.012
M4_50,S10_C_T_13,M4,SS,AC10,C,Control,T,Transplant,4,3.451,3.985
M4_51,S10_C_N_15,M4,SS,AC10,C,Control,N,Native,3.3,2.373,2.763
M4_52,S8_H_N_16,M4,SS,AC8,H,Heat,N,Native,5.2,3.633,4.438
M4_53,S8_C_T_13,M4,SS,AC8,C,Control,T,Transplant,11.5,5.755,6.918
M4_54,S10_H_N_15,M4,SS,AC10,H,Heat,N,Native,3,2.084,2.503
M4_55,K8_C_N_15,M4,KL,AC8,C,Control,N,Native,4,1.9,2.23
M4_56,K8_H_N_14,M4,KL,AC8,H,Heat,N,Native,4.6,6.861,7.63
M4_57,S8_C_N_14,M4,SS,AC8,C,Control,N,Native,5.5,3.646,4.424
M4_58,S12_H_N_16,M4,SS,AC12,H,Heat,N,Native,15,8.809,10.127
M4_59,K10_H_T_16,M4,KL,AC10,H,Heat,T,Transplant,4,2.264,2.574
M4_60,S10_C_T_14,M4,SS,AC10,C,Control,T,Transplant,5.5,2.876,3.207
M4_61,S10_H_N_16,M4,SS,AC10,H,Heat,N,Native,6.5,1.935,2.259
M4_62,S12_H_T_16,M4,SS,AC12,H,Heat,T,Transplant,9.8,3.217,3.895
M4_63,S12_C_N_14,M4,SS,AC12,C,Control,N,Native,8.4,2.605,3.162
M4_64,K8_C_T_15,M4,KL,AC8,C,Control,T,Transplant,5.5,1.941,2.29
M4_65,K10_H_T_14,M4,KL,AC10,H,Heat,T,Transplant,4.6,2.906,3.397
M4_66,K10_C_T_16,M4,KL,AC10,C,Control,T,Transplant,5.6,2.892,3.372
M4_67,S10_C_T_16,M4,SS,AC10,C,Control,T,Transplant,10,3.804,4.527
M4_68,K10_C_T_14,M4,KL,AC10,C,Control,T,Transplant,8.1,3.437,3.911
M4_69,S10_H_T_16,M4,SS,AC10,H,Heat,T,Transplant,7.6,3.888,4.523
M4_70,S12_H_N_15,M4,SS,AC12,H,Heat,N,Native,12,4.832,5.839
M4_71,S10_C_N_14,M4,SS,AC10,C,Control,N,Native,8.6,5.02,5.87
M4_72,K12_H_N_15,M4,KL,AC12,H,Heat,N,Native,5.4,3.26,3.715
M4_73,K10_C_T_13,M4,KL,AC10,C,Control,T,Transplant,7.2,4.173,4.714
M4_74,S12_C_T_15,M4,SS,AC12,C,Control,T,Transplant,5.2,2.355,2.775
M4_75,K12_H_T_15,M4,KL,AC12,H,Heat,T,Transplant,9.5,3.804,4.37
M4_76,S8_C_N_13,M4,SS,AC8,C,Control,N,Native,9.5,5.039,6.008
M4_77,K10_C_N_16,M4,KL,AC10,C,Control,N,Native,5.9,2.246,2.583
M4_78,S12_C_N_13,M4,SS,AC12,C,Control,N,Native,8.4,2.933,3.493
M4_79,K10_H_N_13,M4,KL,AC10,H,Heat,N,Native,3.7,2.249,2.598
M4_80,S8_H_N_13,M4,SS,AC8,H,Heat,N,Native,6.5,3.669,4.365
M4_81,S8_C_N_16,M4,SS,AC8,C,Control,N,Native,14.4,5.504,6.677
M4_82,K8_H_T_13,M4,KL,AC8,H,Heat,T,Transplant,13,12.682,14.265
M4_83,K12_C_T_14,M4,KL,AC12,C,Control,T,Transplant,6.5,2.877,3.218
M4_84,S12_H_T_13,M4,SS,AC12,H,Heat,T,Transplant,5.1,4.065,4.67
M4_85,S10_H_T_14,M4,SS,AC10,H,Heat,T,Transplant,13.9,5.994,7.139
M4_86,S10_C_T_15,M4,SS,AC10,C,Control,T,Transplant,6.5,2.441,2.859
M4_87,S8_H_T_15,M4,SS,AC8,H,Heat,T,Transplant,6.2,2.369,2.877
M4_88,K10_H_N_14,M4,KL,AC10,H,Heat,N,Native,10.8,4.614,5.235
M4_89,K12_H_N_13,M4,KL,AC12,H,Heat,N,Native,5.5,2.601,2.961
M4_90,S10_H_T_15,M4,SS,AC10,H,Heat,T,Transplant,14.1,6.311,7.373
M4_91,S12_C_T_13,M4,SS,AC12,C,Control,T,Transplant,8.9,1.979,2.395
M4_92,K8_H_T_16,M4,KL,AC8,H,Heat,T,Transplant,9.9,3.481,4.115
M4_93,K12_C_T_15,M4,KL,AC12,C,Control,T,Transplant,10.1,2.956,3.452
M4_94,K10_H_T_13,M4,KL,AC10,H,Heat,T,Transplant,8.8,5.396,6.2
M4_95,K8_H_T_14,M4,KL,AC8,H,Heat,T,Transplant,5.5,2.869,3.41
M4_96,K8_C_N_14,M4,KL,AC8,C,Control,N,Native,7,3.432,3.974
M8_1,K10_C_T_18,M8,KL,AC10,C,Control,T,Transplant,15,3.079,3.65
M8_2,K8_H_T_17,M8,KL,AC8,H,Heat,T,Transplant,9.9,1.855,2.155
M8_3,K12_C_N_17,M8,KL,AC12,C,Control,N,Native,14.5,2.173,2.574
M8_4,S12_C_T_20,M8,SS,AC12,C,Control,T,Transplant,10.8,3.557,4.234
M8_5,K12_H_T_18,M8,KL,AC12,H,Heat,T,Transplant,6,3.497,4.106
M8_6,S10_C_T_17,M8,SS,AC10,C,Control,T,Transplant,6.2,2.493,2.982
M8_7,K8_C_N_19,M8,KL,AC8,C,Control,N,Native,5.6,2.469,2.894
M8_8,S12_C_T_19,M8,SS,AC12,C,Control,T,Transplant,7.5,3.807,4.493
M8_9,S8_C_N_18,M8,SS,AC8,C,Control,N,Native,9,4.412,5.388
M8_10,S12_H_T_18,M8,SS,AC12,H,Heat,T,Transplant,5.5,2.104,2.447
M8_11,S10_H_N_20,M8,SS,AC10,H,Heat,N,Native,5,2.815,3.253
M8_12,S8_C_N_20,M8,SS,AC8,C,Control,N,Native,8,3.611,4.474
M8_13,K12_C_N_20,M8,KL,AC12,C,Control,N,Native,5.6,2.903,3.34
M8_14,S8_H_T_19,M8,SS,AC8,H,Heat,T,Transplant,5.4,2.875,3.329
M8_15,K12_H_T_20,M8,KL,AC12,H,Heat,T,Transplant,6,2.836,3.276
M8_16,K10_H_T_19,M8,KL,AC10,H,Heat,T,Transplant,3.9,1.978,2.281
M8_17,K10_C_N_19,M8,KL,AC10,C,Control,N,Native,3.8,2.301,2.712
M8_18,S12_H_N_19,M8,SS,AC12,H,Heat,N,Native,10,5.592,6.532
M8_19,K8_C_T_17,M8,KL,AC8,C,Control,T,Transplant,4.4,2.616,3.092
M8_20,S10_H_T_20,M8,SS,AC10,H,Heat,T,Transplant,4.4,3.432,3.967
M8_21,S8_C_T_17,M8,SS,AC8,C,Control,T,Transplant,8,3.559,4.342
M8_22,K12_H_T_19,M8,KL,AC12,H,Heat,T,Transplant,7.4,4.032,4.496
M8_23,K10_C_T_17,M8,KL,AC10,C,Control,T,Transplant,4.4,3.782,4.29
M8_24,K10_H_T_17,M8,KL,AC10,H,Heat,T,Transplant,4.6,3.886,4.435
M8_25,S10_C_N_17,M8,SS,AC10,C,Control,N,Native,5,3.312,4.025
M8_26,K8_C_T_18,M8,KL,AC8,C,Control,T,Transplant,3.6,1.69,1.979
M8_27,S10_H_N_18,M8,SS,AC10,H,Heat,N,Native,3.8,4.527,5.091
M8_28,K12_H_N_20,M8,KL,AC12,H,Heat,N,Native,4.8,3.661,4.073
M8_29,S12_C_N_20,M8,SS,AC12,C,Control,N,Native,5.1,3.318,3.857
M8_30,S10_H_T_17,M8,SS,AC10,H,Heat,T,Transplant,4.4,2.337,2.806
M8_31,K10_C_T_20,M8,KL,AC10,C,Control,T,Transplant,4,2.763,3.196
M8_32,S10_C_N_20,M8,SS,AC10,C,Control,N,Native,3.6,2.682,3.211
M8_33,S12_C_T_17,M8,SS,AC12,C,Control,T,Transplant,9.4,4.706,5.391
M8_34,K12_C_T_17,M8,KL,AC12,C,Control,T,Transplant,4.8,2.548,2.998
M8_35,K10_H_N_17,M8,KL,AC10,H,Heat,N,Native,4.4,4.066,4.749
M8_36,S8_C_N_19,M8,SS,AC8,C,Control,N,Native,6,4.312,5.162
M8_37,S10_C_T_19,M8,SS,AC10,C,Control,T,Transplant,7,4.641,5.486
M8_38,K12_C_T_18,M8,KL,AC12,C,Control,T,Transplant,5.9,1.842,2.296
M8_39,K8_C_N_18,M8,KL,AC8,C,Control,N,Native,3.9,1.552,1.801
M8_40,K10_H_T_18,M8,KL,AC10,H,Heat,T,Transplant,4.5,3.672,4.248
M8_41,S12_H_T_19,M8,SS,AC12,H,Heat,T,Transplant,8,3.404,4.028
M8_42,S12_H_T_17,M8,SS,AC12,H,Heat,T,Transplant,8.5,3.784,4.413
M8_43,S10_C_N_18,M8,SS,AC10,C,Control,N,Native,5,2.524,2.953
M8_44,S8_H_T_20,M8,SS,AC8,H,Heat,T,Transplant,9.2,4.474,5.669
M8_45,S12_C_N_19,M8,SS,AC12,C,Control,N,Native,7,3.168,3.921
M8_46,S12_C_N_18,M8,SS,AC12,C,Control,N,Native,7,4.05,4.933
M8_47,K12_C_T_19,M8,KL,AC12,C,Control,T,Transplant,4,2.759,3.313
M8_48,K10_C_N_20,M8,KL,AC10,C,Control,N,Native,7,4.713,5.356
M8_49,K8_C_T_19,M8,KL,AC8,C,Control,T,Transplant,5,1.828,2.169
M8_50,S12_H_T_20,M8,SS,AC12,H,Heat,T,Transplant,9.4,4.901,5.676
M8_51,S8_C_T_19,M8,SS,AC8,C,Control,T,Transplant,7,4.823,5.791
M8_52,S10_H_N_19,M8,SS,AC10,H,Heat,N,Native,6,3.389,4.037
M8_53,S10_H_T_18,M8,SS,AC10,H,Heat,T,Transplant,8.5,5.375,6.284
M8_54,K10_C_N_17,M8,KL,AC10,C,Control,N,Native,7,3.457,4.049
M8_55,K10_H_N_18,M8,KL,AC10,H,Heat,N,Native,7,3.206,3.779
M8_56,K8_C_N_17,M8,KL,AC8,C,Control,N,Native,3.5,1.874,2.145
M8_57,S10_C_T_20,M8,SS,AC10,C,Control,T,Transplant,4,2.112,2.522
M8_58,K10_H_N_20,M8,KL,AC10,H,Heat,N,Native,6,3.527,4.041
M8_59,K8_H_T_18,M8,KL,AC8,H,Heat,T,Transplant,4.6,1.689,1.955
M8_60,K8_H_T_19,M8,KL,AC8,H,Heat,T,Transplant,4.2,2.257,2.606
M8_61,K12_H_N_19,M8,KL,AC12,H,Heat,N,Native,4.5,3.727,4.379
M8_62,S10_H_N_17,M8,SS,AC10,H,Heat,N,Native,3.9,2.39,2.739
M8_63,S8_H_N_19,M8,SS,AC8,H,Heat,N,Native,8.9,4.498,5.478
M8_64,K8_H_N_20,M8,KL,AC8,H,Heat,N,Native,5,2.151,2.553
M8_65,K8_C_T_20,M8,KL,AC8,C,Control,T,Transplant,6,0.823,0.95
M8_66,S10_C_N_19,M8,SS,AC10,C,Control,N,Native,6,3.197,3.8
M8_67,S8_C_N_17,M8,SS,AC8,C,Control,N,Native,12.4,2.612,3.136
M8_68,K12_C_N_19,M8,KL,AC12,C,Control,N,Native,5,2.756,3.171
M8_69,S12_H_N_18,M8,SS,AC12,H,Heat,N,Native,10.5,5.993,7.166
M8_70,K8_H_N_19,M8,KL,AC8,H,Heat,N,Native,7,3.054,3.669
M8_71,S8_H_N_17,M8,SS,AC8,H,Heat,N,Native,7.4,3.159,3.77
M8_72,K8_H_N_18,M8,KL,AC8,H,Heat,N,Native,6,2.036,2.4
M8_73,K10_C_T_19,M8,KL,AC10,C,Control,T,Transplant,4.2,2.445,2.733
M8_74,K12_H_N_17,M8,KL,AC12,H,Heat,N,Native,4.3,1.514,1.779
M8_75,K10_C_N_18,M8,KL,AC10,C,Control,N,Native,6,5.316,5.986
M8_76,K12_H_N_18,M8,KL,AC12,H,Heat,N,Native,4.4,2.845,3.285
M8_77,S10_C_T_18,M8,SS,AC10,C,Control,T,Transplant,4.3,3.344,3.88
M8_78,S12_H_N_20,M8,SS,AC12,H,Heat,N,Native,9.4,5.391,6.305
M8_79,S12_H_N_17,M8,SS,AC12,H,Heat,N,Native,9.2,4.032,4.797
M8_80,S12_C_N_17,M8,SS,AC12,C,Control,N,Native,8,4.452,5.358
M8_81,K8_C_N_20,M8,KL,AC8,C,Control,N,Native,4,1.797,2.113
M8_82,S8_H_T_17,M8,SS,AC8,H,Heat,T,Transplant,8.8,5.067,5.888
M8_83,S8_H_T_18,M8,SS,AC8,H,Heat,T,Transplant,5.5,3.223,3.877
M8_84,K10_H_T_20,M8,KL,AC10,H,Heat,T,Transplant,4,2.662,3.002
M8_85,S8_C_T_18,M8,SS,AC8,C,Control,T,Transplant,8.7,3.876,4.706
M8_86,S8_H_N_20,M8,SS,AC8,H,Heat,N,Native,8.4,3.638,4.267
M8_87,K8_H_T_20,M8,KL,AC8,H,Heat,T,Transplant,4.1,2.2,2.631
M8_88,K12_C_T_20,M8,KL,AC12,C,Control,T,Transplant,4.6,2.558,2.912
M8_89,S10_H_T_19,M8,SS,AC10,H,Heat,T,Transplant,4.8,4.201,4.875
M8_90,S8_H_N_18,M8,SS,AC8,H,Heat,N,Native,9.5,6.099,7.305
M8_91,K10_H_N_19,M8,KL,AC10,H,Heat,N,Native,4.6,4.088,4.655
M8_92,K8_H_N_17,M8,KL,AC8,H,Heat,N,Native,4.2,1.578,1.882
M8_93,S12_C_T_18,M8,SS,AC12,C,Control,T,Transplant,4.3,3.067,3.626
M8_94,K12_C_N_18,M8,KL,AC12,C,Control,N,Native,5.2,3.163,3.771
M8_95,K12_H_T_17,M8,KL,AC12,H,Heat,T,Transplant,6,4.072,4.642
M8_96,S8_C_T_20,M8,SS,AC8,C,Control,T,Transplant,8.3,3.564,4.379
M12_1,S12_C_T_21,M12,SS,AC12,C,Control,T,Transplant,24,9.03,10.59
M12_2,K10_C_N_21,M12,KL,AC10,C,Control,N,Native,13,7.69,9.003
M12_3,S8_H_N_22,M12,SS,AC8,H,Heat,N,Native,7.5,3.962,4.722
M12_4,S8_C_T_23,M12,SS,AC8,C,Control,T,Transplant,6.7,2.854,3.361
M12_5,K8_H_T_23,M12,KL,AC8,H,Heat,T,Transplant,4.5,4.734,5.54
M12_6,K12_H_N_21,M12,KL,AC12,H,Heat,N,Native,4.1,5.271,6.169
M12_7,K12_H_T_22,M12,KL,AC12,H,Heat,T,Transplant,3.5,5.638,6.34
M12_8,S10_C_T_21,M12,SS,AC10,C,Control,T,Transplant,10.49,6.471,7.505
M12_9,K8_H_N_21,M12,KL,AC8,H,Heat,N,Native,4,5.302,6.255
M12_10,S8_C_N_23,M12,SS,AC8,C,Control,N,Native,17.5,8.723,10.118
M12_11,S12_H_T_22,M12,SS,AC12,H,Heat,T,Transplant,4.2,7.03,8.433
M12_12,S12_H_N_23,M12,SS,AC12,H,Heat,N,Native,4.7,5.347,6.282
M12_13,S10_H_N_21,M12,SS,AC10,H,Heat,N,Native,7.5,9.968,11.157
M12_14,K10_H_T_23,M12,KL,AC10,H,Heat,T,Transplant,4.4,5.193,5.984
M12_15,K10_C_T_21,M12,KL,AC10,C,Control,T,Transplant,10.5,9.314,10.406
M12_16,S8_C_N_24,M12,SS,AC8,C,Control,N,Native,11.5,5.456,6.513
M12_17,S10_C_T_24,M12,SS,AC10,C,Control,T,Transplant,14.2,10.761,12.264
M12_18,S10_C_N_23,M12,SS,AC10,C,Control,N,Native,8.9,6.339,7.338
M12_19,K8_H_T_22,M12,KL,AC8,H,Heat,T,Transplant,3.3,3.031,3.617
M12_20,K8_C_N_23,M12,KL,AC8,C,Control,N,Native,8.4,5.663,7.623
M12_21,K12_H_N_23,M12,KL,AC12,H,Heat,N,Native,7.5,8.71,10.056
M12_22,K8_C_N_22,M12,KL,AC8,C,Control,N,Native,7.4,3.617,4.343
M12_23,S8_H_T_24,M12,SS,AC8,H,Heat,T,Transplant,5.8,7.065,8.554
M12_24,K12_C_N_24,M12,KL,AC12,C,Control,N,Native,9.2,8.728,9.85
M12_25,S8_H_T_23,M12,SS,AC8,H,Heat,T,Transplant,6.5,4.613,5.353
M12_26,K8_H_N_23,M12,KL,AC8,H,Heat,N,Native,9.9,7.668,9.045
M12_27,K12_C_N_21,M12,KL,AC12,C,Control,N,Native,15,6.378,7.46
M12_28,S12_H_T_23,M12,SS,AC12,H,Heat,T,Transplant,8.4,5.802,6.924
M12_29,K10_H_T_22,M12,KL,AC10,H,Heat,T,Transplant,8.5,7.051,8.133
M12_30,S10_H_N_23,M12,SS,AC10,H,Heat,N,Native,5,6.131,7.098
M12_31,S10_H_T_22,M12,SS,AC10,H,Heat,T,Transplant,4,8.316,9.433
M12_32,S10_C_N_21,M12,SS,AC10,C,Control,N,Native,12,8.781,9.942
M12_33,K12_C_T_22,M12,KL,AC12,C,Control,T,Transplant,9.5,5.507,6.261
M12_34,S10_H_N_22,M12,SS,AC10,H,Heat,N,Native,7.7,9.621,10.955
M12_35,K8_H_N_22,M12,KL,AC8,H,Heat,N,Native,5.2,8.045,9.138
M12_36,K10_H_N_21,M12,KL,AC10,H,Heat,N,Native,5,7.484,8.598
M12_37,K12_C_T_23,M12,KL,AC12,C,Control,T,Transplant,6,5.176,5.965
M12_38,S10_H_T_23,M12,SS,AC10,H,Heat,T,Transplant,4.3,6.307,7.207
M12_39,S8_C_T_24,M12,SS,AC8,C,Control,T,Transplant,12.7,8.266,10.272
M12_40,K8_C_N_21,M12,KL,AC8,C,Control,N,Native,7.9,4.289,5.129
M12_41,K12_C_T_21,M12,KL,AC12,C,Control,T,Transplant,13.5,9.407,10.906
M12_42,K12_H_T_21,M12,KL,AC12,H,Heat,T,Transplant,4.8,5.66,6.746
M12_43,S12_H_N_22,M12,SS,AC12,H,Heat,N,Native,12,10.882,13.186
M12_44,S12_C_N_23,M12,SS,AC12,C,Control,N,Native,25,9.44,10.775
M12_45,S10_H_N_24,M12,SS,AC10,H,Heat,N,Native,4.4,4.651,5.389
M12_46,S8_H_N_24,M12,SS,AC8,H,Heat,N,Native,10.7,5.202,6.361
M12_47,S12_C_T_22,M12,SS,AC12,C,Control,T,Transplant,13.2,6.295,7.518
M12_48,S10_H_T_21,M12,SS,AC10,H,Heat,T,Transplant,9,8.662,10.013
M12_49,S10_C_T_22,M12,SS,AC10,C,Control,T,Transplant,14.4,9.333,10.71
M12_50,S12_C_T_24,M12,SS,AC12,C,Control,T,Transplant,13.7,5.983,7.091
M12_51,S12_C_T_23,M12,SS,AC12,C,Control,T,Transplant,14.5,6.557,7.79
M12_52,K12_C_N_22,M12,KL,AC12,C,Control,N,Native,9.5,5.104,5.942
M12_53,K8_H_T_21,M12,KL,AC8,H,Heat,T,Transplant,4.5,4.503,5.279
M12_54,S12_H_T_24,M12,SS,AC12,H,Heat,T,Transplant,5.2,6.363,7.593
M12_55,K10_C_N_22,M12,KL,AC10,C,Control,N,Native,18,10.583,12.282
M12_56,K10_H_N_23,M12,KL,AC10,H,Heat,N,Native,8.5,13.636,15.673
M12_57,S8_H_N_23,M12,SS,AC8,H,Heat,N,Native,3.5,4.484,5.206
M12_58,K10_C_N_24,M12,KL,AC10,C,Control,N,Native,5.5,5.101,5.823
M12_59,S8_H_N_21,M12,SS,AC8,H,Heat,N,Native,4.8,6.072,7.309
M12_60,S8_H_T_21,M12,SS,AC8,H,Heat,T,Transplant,5.8,7.014,8.375
M12_61,K12_H_N_22,M12,KL,AC12,H,Heat,N,Native,5.9,8.04,9.232
M12_62,K10_H_N_22,M12,KL,AC10,H,Heat,N,Native,5.5,7.27,8.232
M12_63,S12_H_N_24,M12,SS,AC12,H,Heat,N,Native,12.5,7.701,9.189
M12_64,K8_C_T_23,M12,KL,AC8,C,Control,T,Transplant,7.3,4.557,5.356
M12_65,S8_C_N_22,M12,SS,AC8,C,Control,N,Native,6.5,3.771,4.578
M12_66,K12_H_T_23,M12,KL,AC12,H,Heat,T,Transplant,6,7.491,8.612
M12_67,K8_H_T_24,M12,KL,AC8,H,Heat,T,Transplant,4.6,6.706,7.775
M12_68,S8_C_T_22,M12,SS,AC8,C,Control,T,Transplant,9.2,4.512,5.528
M12_69,S12_C_N_24,M12,SS,AC12,C,Control,N,Native,15,7.357,8.943
M12_70,K8_H_N_24,M12,KL,AC8,H,Heat,N,Native,4.3,4.037,4.947
M12_71,S8_H_T_22,M12,SS,AC8,H,Heat,T,Transplant,4.5,4.63,5.572
M12_72,K10_C_T_23,M12,KL,AC10,C,Control,T,Transplant,8.1,8.175,9.322
M12_73,K12_H_T_24,M12,KL,AC12,H,Heat,T,Transplant,4.5,5.279,6.097
M12_74,K10_C_T_22,M12,KL,AC10,C,Control,T,Transplant,10,8.433,9.464
M12_75,S8_C_N_21,M12,SS,AC8,C,Control,N,Native,10.1,7.605,9.103
M12_76,S12_C_N_21,M12,SS,AC12,C,Control,N,Native,10.9,7.423,8.561
M12_77,K10_H_T_24,M12,KL,AC10,H,Heat,T,Transplant,4.4,6.766,7.833
M12_78,K8_C_N_24,M12,KL,AC8,C,Control,N,Native,7.4,4.563,5.475
M12_79,K10_H_N_24,M12,KL,AC10,H,Heat,N,Native,4.6,7.925,9.244
M12_80,K8_C_T_22,M12,KL,AC8,C,Control,T,Transplant,5.8,3.24,3.9
M12_81,K10_C_T_24,M12,KL,AC10,C,Control,T,Transplant,7.4,6.731,7.746
M12_82,S10_H_T_24,M12,SS,AC10,H,Heat,T,Transplant,2.9,3.258,3.775
M12_83,K12_C_T_24,M12,KL,AC12,C,Control,T,Transplant,5,5.439,6.124
M12_84,S8_C_T_21,M12,SS,AC8,C,Control,T,Transplant,11.9,6.263,7.558
M12_85,K8_C_T_24,M12,KL,AC8,C,Control,T,Transplant,10,3.298,3.8
M12_86,K8_C_T_21,M12,KL,AC8,C,Control,T,Transplant,9.4,3.235,3.797
M12_87,K12_C_N_23,M12,KL,AC12,C,Control,N,Native,6.9,5.655,6.51
M12_88,S10_C_N_24,M12,SS,AC10,C,Control,N,Native,5.3,4.168,4.815
M12_89,S12_H_N_21,M12,SS,AC12,H,Heat,N,Native,3.6,4.934,5.931
M12_90,K12_H_N_24,M12,KL,AC12,H,Heat,N,Native,4,6.81,7.674
M12_91,S12_H_T_21,M12,SS,AC12,H,Heat,T,Transplant,5,8.56,10.018
M12_92,K10_C_N_23,M12,KL,AC10,C,Control,N,Native,5.1,7.532,8.562
M12_93,S12_C_N_22,M12,SS,AC12,C,Control,N,Native,11,6.084,7.005
M12_94,K10_H_T_21,M12,KL,AC10,H,Heat,T,Transplant,4,4.619,5.236
M12_95,S10_C_T_23,M12,SS,AC10,C,Control,T,Transplant,6.3,5.757,6.633
M12_96,S10_C_N_22,M12,SS,AC10,C,Control,N,Native,7,6.181,6.928
